timestamp,device,power_watts,power_cap_watts
1754586662,card0,154.0
1754586662,card1,145.0
1754586662,card2,147.0
1754586662,card3,148.0
1754586662,card4,150.0
1754586662,card5,140.0
1754586662,card6,145.0
1754586662,card7,144.0
1754586662,
1754586667,card0,154.0
1754586667,card1,145.0
1754586667,card2,148.0
1754586667,card3,148.0
1754586667,card4,151.0
1754586667,card5,140.0
1754586667,card6,146.0
1754586667,card7,144.0
1754586667,
1754586672,card0,154.0
1754586672,card1,146.0
1754586672,card2,147.0
1754586672,card3,149.0
1754586672,card4,151.0
1754586672,card5,140.0
1754586672,card6,146.0
1754586672,card7,144.0
1754586672,
1754586677,card0,154.0
1754586677,card1,145.0
1754586677,card2,147.0
1754586677,card3,149.0
1754586677,card4,152.0
1754586677,card5,140.0
1754586677,card6,146.0
1754586677,card7,144.0
1754586677,
1754586682,card0,154.0
1754586682,card1,145.0
1754586682,card2,147.0
1754586682,card3,149.0
1754586682,card4,152.0
1754586682,card5,140.0
1754586682,card6,146.0
1754586682,card7,144.0
1754586682,
1754586688,card0,154.0
1754586688,card1,145.0
1754586688,card2,147.0
1754586688,card3,149.0
1754586688,card4,152.0
1754586688,card5,141.0
1754586688,card6,146.0
1754586688,card7,144.0
1754586688,
1754586693,card0,154.0
1754586693,card1,145.0
1754586693,card2,147.0
1754586693,card3,149.0
1754586693,card4,152.0
1754586693,card5,140.0
1754586693,card6,146.0
1754586693,card7,144.0
1754586693,
1754586698,card0,185.0
1754586698,card1,145.0
1754586698,card2,147.0
1754586698,card3,149.0
1754586698,card4,152.0
1754586698,card5,141.0
1754586698,card6,146.0
1754586698,card7,144.0
1754586698,
1754586703,card0,186.0
1754586703,card1,145.0
1754586703,card2,148.0
1754586703,card3,149.0
1754586703,card4,152.0
1754586703,card5,140.0
1754586703,card6,147.0
1754586703,card7,144.0
1754586703,
1754586708,card0,177.0
1754586708,card1,146.0
1754586708,card2,148.0
1754586708,card3,150.0
1754586708,card4,152.0
1754586708,card5,141.0
1754586708,card6,146.0
1754586708,card7,144.0
1754586708,
1754586713,card0,197.0
1754586713,card1,145.0
1754586713,card2,148.0
1754586713,card3,150.0
1754586713,card4,152.0
1754586713,card5,141.0
1754586713,card6,147.0
1754586713,card7,145.0
1754586713,
1754586718,card0,600.0
1754586718,card1,145.0
1754586718,card2,148.0
1754586718,card3,149.0
1754586718,card4,153.0
1754586718,card5,141.0
1754586718,card6,147.0
1754586718,card7,144.0
1754586718,
1754586723,card0,212.0
1754586723,card1,145.0
1754586723,card2,147.0
1754586723,card3,150.0
1754586723,card4,152.0
1754586723,card5,140.0
1754586723,card6,147.0
1754586723,card7,145.0
1754586723,
1754586728,card0,192.0
1754586728,card1,145.0
1754586728,card2,148.0
1754586728,card3,150.0
1754586728,card4,152.0
1754586728,card5,141.0
1754586728,card6,147.0
1754586728,card7,145.0
1754586728,
1754586734,card0,192.0
1754586734,card1,146.0
1754586734,card2,148.0
1754586734,card3,150.0
1754586734,card4,152.0
1754586734,card5,140.0
1754586734,card6,147.0
1754586734,card7,145.0
1754586734,
1754586739,card0,192.0
1754586739,card1,145.0
1754586739,card2,148.0
1754586739,card3,150.0
1754586739,card4,152.0
1754586739,card5,141.0
1754586739,card6,147.0
1754586739,card7,145.0
1754586739,
1754586744,card0,191.0
1754586744,card1,145.0
1754586744,card2,147.0
1754586744,card3,149.0
1754586744,card4,153.0
1754586744,card5,141.0
1754586744,card6,147.0
1754586744,card7,144.0
1754586744,
1754586749,card0,190.0
1754586749,card1,145.0
1754586749,card2,148.0
1754586749,card3,150.0
1754586749,card4,151.0
1754586749,card5,140.0
1754586749,card6,146.0
1754586749,card7,144.0
1754586749,
1754586754,card0,236.0
1754586754,card1,145.0
1754586754,card2,147.0
1754586754,card3,149.0
1754586754,card4,152.0
1754586754,card5,140.0
1754586754,card6,146.0
1754586754,card7,144.0
1754586754,
1754586759,card0,187.0
1754586759,card1,145.0
1754586759,card2,147.0
1754586759,card3,150.0
1754586759,card4,151.0
1754586759,card5,140.0
1754586759,card6,147.0
1754586759,card7,144.0
1754586759,
1754586764,card0,683.0
1754586764,card1,145.0
1754586764,card2,148.0
1754586764,card3,149.0
1754586764,card4,152.0
1754586764,card5,140.0
1754586764,card6,147.0
1754586764,card7,144.0
1754586764,
1754586769,card0,687.0
1754586769,card1,145.0
1754586769,card2,147.0
1754586769,card3,149.0
1754586769,card4,152.0
1754586769,card5,141.0
1754586769,card6,146.0
1754586769,card7,144.0
1754586769,
1754586774,card0,194.0
1754586774,card1,146.0
1754586774,card2,147.0
1754586774,card3,150.0
1754586774,card4,153.0
1754586774,card5,140.0
1754586774,card6,147.0
1754586774,card7,145.0
1754586774,
1754586780,card0,207.0
1754586780,card1,169.0
1754586780,card2,170.0
1754586780,card3,172.0
1754586780,card4,176.0
1754586780,card5,166.0
1754586780,card6,170.0
1754586780,card7,168.0
1754586780,
1754586785,card0,158.0
1754586785,card1,144.0
1754586785,card2,147.0
1754586785,card3,150.0
1754586785,card4,152.0
1754586785,card5,140.0
1754586785,card6,146.0
1754586785,card7,144.0
1754586785,
1754586790,card0,156.0
1754586790,card1,145.0
1754586790,card2,148.0
1754586790,card3,149.0
1754586790,card4,152.0
1754586790,card5,140.0
1754586790,card6,146.0
1754586790,card7,144.0
1754586790,
1754586795,card0,155.0
1754586795,card1,145.0
1754586795,card2,147.0
1754586795,card3,149.0
1754586795,card4,152.0
1754586795,card5,140.0
1754586795,card6,146.0
1754586795,card7,144.0
1754586795,
1754586800,card0,155.0
1754586800,card1,145.0
1754586800,card2,147.0
1754586800,card3,149.0
1754586800,card4,152.0
1754586800,card5,140.0
1754586800,card6,146.0
1754586800,card7,144.0
1754586800,
1754586805,card0,154.0
1754586805,card1,145.0
1754586805,card2,147.0
1754586805,card3,150.0
1754586805,card4,152.0
1754586805,card5,140.0
1754586805,card6,146.0
1754586805,card7,144.0
1754586805,
1754586810,card0,153.0
1754586810,card1,145.0
1754586810,card2,148.0
1754586810,card3,149.0
1754586810,card4,152.0
1754586810,card5,140.0
1754586810,card6,147.0
1754586810,card7,144.0
1754586810,
1754586815,card0,153.0
1754586815,card1,145.0
1754586815,card2,147.0
1754586815,card3,150.0
1754586815,card4,152.0
1754586815,card5,141.0
1754586815,card6,146.0
1754586815,card7,144.0
1754586815,
1754586820,card0,153.0
1754586820,card1,145.0
1754586820,card2,147.0
1754586820,card3,150.0
1754586820,card4,152.0
1754586820,card5,140.0
1754586820,card6,147.0
1754586820,card7,144.0
1754586820,
1754586826,card0,153.0
1754586826,card1,145.0
1754586826,card2,148.0
1754586826,card3,150.0
1754586826,card4,152.0
1754586826,card5,140.0
1754586826,card6,147.0
1754586826,card7,144.0
1754586826,
1754586831,card0,153.0
1754586831,card1,145.0
1754586831,card2,148.0
1754586831,card3,150.0
1754586831,card4,152.0
1754586831,card5,141.0
1754586831,card6,147.0
1754586831,card7,145.0
1754586831,
1754586836,card0,153.0
1754586836,card1,146.0
1754586836,card2,147.0
1754586836,card3,150.0
1754586836,card4,153.0
1754586836,card5,140.0
1754586836,card6,147.0
1754586836,card7,144.0
1754586836,
1754586841,card0,154.0
1754586841,card1,145.0
1754586841,card2,147.0
1754586841,card3,150.0
1754586841,card4,152.0
1754586841,card5,141.0
1754586841,card6,148.0
1754586841,card7,145.0
1754586841,
1754586846,card0,229.0
1754586846,card1,146.0
1754586846,card2,147.0
1754586846,card3,150.0
1754586846,card4,152.0
1754586846,card5,140.0
1754586846,card6,147.0
1754586846,card7,145.0
1754586846,
1754586851,card0,186.0
1754586851,card1,146.0
1754586851,card2,148.0
1754586851,card3,150.0
1754586851,card4,153.0
1754586851,card5,141.0
1754586851,card6,147.0
1754586851,card7,144.0
1754586851,
1754586856,card0,186.0
1754586856,card1,145.0
1754586856,card2,148.0
1754586856,card3,150.0
1754586856,card4,153.0
1754586856,card5,141.0
1754586856,card6,147.0
1754586856,card7,144.0
1754586856,
1754586861,card0,214.0
1754586861,card1,146.0
1754586861,card2,148.0
1754586861,card3,151.0
1754586861,card4,153.0
1754586861,card5,141.0
1754586861,card6,147.0
1754586861,card7,144.0
1754586861,
1754586867,card0,187.0
1754586867,card1,146.0
1754586867,card2,148.0
1754586867,card3,151.0
1754586867,card4,152.0
1754586867,card5,140.0
1754586867,card6,147.0
1754586867,card7,145.0
1754586867,
1754586872,card0,751.0
1754586872,card1,145.0
1754586872,card2,148.0
1754586872,card3,150.0
1754586872,card4,153.0
1754586872,card5,141.0
1754586872,card6,148.0
1754586872,card7,145.0
1754586872,
1754586877,card0,255.0
1754586877,card1,145.0
1754586877,card2,148.0
1754586877,card3,151.0
1754586877,card4,153.0
1754586877,card5,141.0
1754586877,card6,147.0
1754586877,card7,145.0
1754586877,
1754586882,card0,192.0
1754586882,card1,145.0
1754586882,card2,148.0
1754586882,card3,150.0
1754586882,card4,153.0
1754586882,card5,140.0
1754586882,card6,148.0
1754586882,card7,145.0
1754586882,
1754586887,card0,192.0
1754586887,card1,146.0
1754586887,card2,148.0
1754586887,card3,151.0
1754586887,card4,153.0
1754586887,card5,141.0
1754586887,card6,147.0
1754586887,card7,145.0
1754586887,
1754586892,card0,191.0
1754586892,card1,146.0
1754586892,card2,148.0
1754586892,card3,151.0
1754586892,card4,152.0
1754586892,card5,141.0
1754586892,card6,148.0
1754586892,card7,145.0
1754586892,
1754586897,card0,191.0
1754586897,card1,146.0
1754586897,card2,148.0
1754586897,card3,150.0
1754586897,card4,153.0
1754586897,card5,141.0
1754586897,card6,147.0
1754586897,card7,145.0
1754586897,
1754586902,card0,238.0
1754586902,card1,146.0
1754586902,card2,148.0
1754586902,card3,151.0
1754586902,card4,153.0
1754586902,card5,141.0
1754586902,card6,148.0
1754586902,card7,145.0
1754586902,
1754586907,card0,229.0
1754586907,card1,146.0
1754586907,card2,148.0
1754586907,card3,151.0
1754586907,card4,153.0
1754586907,card5,141.0
1754586907,card6,148.0
1754586907,card7,145.0
1754586907,
1754586913,card0,685.0
1754586913,card1,145.0
1754586913,card2,148.0
1754586913,card3,151.0
1754586913,card4,153.0
1754586913,card5,141.0
1754586913,card6,147.0
1754586913,card7,145.0
1754586913,
1754586918,card0,693.0
1754586918,card1,146.0
1754586918,card2,148.0
1754586918,card3,151.0
1754586918,card4,152.0
1754586918,card5,141.0
1754586918,card6,148.0
1754586918,card7,145.0
1754586918,
1754586923,card0,696.0
1754586923,card1,145.0
1754586923,card2,148.0
1754586923,card3,151.0
1754586923,card4,152.0
1754586923,card5,141.0
1754586923,card6,148.0
1754586923,card7,145.0
1754586923,
1754586928,card0,194.0
1754586928,card1,146.0
1754586928,card2,148.0
1754586928,card3,151.0
1754586928,card4,153.0
1754586928,card5,141.0
1754586928,card6,147.0
1754586928,card7,145.0
1754586928,
1754586933,card0,208.0
1754586933,card1,146.0
1754586933,card2,148.0
1754586933,card3,151.0
1754586933,card4,153.0
1754586933,card5,141.0
1754586933,card6,147.0
1754586933,card7,145.0
1754586933,
1754586938,card0,158.0
1754586938,card1,145.0
1754586938,card2,148.0
1754586938,card3,150.0
1754586938,card4,152.0
1754586938,card5,140.0
1754586938,card6,147.0
1754586938,card7,145.0
1754586938,
1754586943,card0,156.0
1754586943,card1,145.0
1754586943,card2,148.0
1754586943,card3,150.0
1754586943,card4,152.0
1754586943,card5,140.0
1754586943,card6,147.0
1754586943,card7,145.0
1754586943,
1754586948,card0,156.0
1754586948,card1,145.0
1754586948,card2,147.0
1754586948,card3,150.0
1754586948,card4,152.0
1754586948,card5,140.0
1754586948,card6,147.0
1754586948,card7,144.0
1754586948,
1754586953,card0,155.0
1754586953,card1,145.0
1754586953,card2,147.0
1754586953,card3,150.0
1754586953,card4,152.0
1754586953,card5,141.0
1754586953,card6,147.0
1754586953,card7,144.0
1754586953,
1754586959,card0,154.0
1754586959,card1,145.0
1754586959,card2,148.0
1754586959,card3,150.0
1754586959,card4,152.0
1754586959,card5,140.0
1754586959,card6,147.0
1754586959,card7,144.0
1754586959,
1754586964,card0,154.0
1754586964,card1,146.0
1754586964,card2,148.0
1754586964,card3,150.0
1754586964,card4,153.0
1754586964,card5,140.0
1754586964,card6,147.0
1754586964,card7,145.0
1754586964,
1754586969,card0,154.0
1754586969,card1,145.0
1754586969,card2,148.0
1754586969,card3,151.0
1754586969,card4,152.0
1754586969,card5,141.0
1754586969,card6,147.0
1754586969,card7,144.0
1754586969,
1754586974,card0,155.0
1754586974,card1,146.0
1754586974,card2,148.0
1754586974,card3,150.0
1754586974,card4,153.0
1754586974,card5,141.0
1754586974,card6,148.0
1754586974,card7,145.0
1754586974,
1754586979,card0,154.0
1754586979,card1,145.0
1754586979,card2,148.0
1754586979,card3,150.0
1754586979,card4,153.0
1754586979,card5,141.0
1754586979,card6,147.0
1754586979,card7,144.0
1754586979,
1754586984,card0,178.0
1754586984,card1,170.0
1754586984,card2,171.0
1754586984,card3,174.0
1754586984,card4,176.0
1754586984,card5,165.0
1754586984,card6,171.0
1754586984,card7,168.0
1754586984,
1754586989,card0,154.0
1754586989,card1,146.0
1754586989,card2,148.0
1754586989,card3,150.0
1754586989,card4,153.0
1754586989,card5,140.0
1754586989,card6,147.0
1754586989,card7,145.0
1754586989,
1754586994,card0,154.0
1754586994,card1,146.0
1754586994,card2,148.0
1754586994,card3,150.0
1754586994,card4,152.0
1754586994,card5,141.0
1754586994,card6,147.0
1754586994,card7,145.0
1754586994,
1754586999,card0,225.0
1754586999,card1,146.0
1754586999,card2,148.0
1754586999,card3,150.0
1754586999,card4,153.0
1754586999,card5,141.0
1754586999,card6,148.0
1754586999,card7,145.0
1754586999,
1754587004,card0,153.0
1754587004,card1,146.0
1754587004,card2,148.0
1754587004,card3,150.0
1754587004,card4,153.0
1754587004,card5,141.0
1754587004,card6,148.0
1754587004,card7,144.0
1754587004,
1754587010,card0,186.0
1754587010,card1,146.0
1754587010,card2,148.0
1754587010,card3,151.0
1754587010,card4,153.0
1754587010,card5,141.0
1754587010,card6,148.0
1754587010,card7,144.0
1754587010,
1754587015,card0,218.0
1754587015,card1,146.0
1754587015,card2,148.0
1754587015,card3,151.0
1754587015,card4,153.0
1754587015,card5,141.0
1754587015,card6,147.0
1754587015,card7,145.0
1754587015,
1754587020,card0,199.0
1754587020,card1,146.0
1754587020,card2,148.0
1754587020,card3,151.0
1754587020,card4,153.0
1754587020,card5,141.0
1754587020,card6,147.0
1754587020,card7,145.0
1754587020,
1754587025,card0,642.0
1754587025,card1,146.0
1754587025,card2,148.0
1754587025,card3,151.0
1754587025,card4,153.0
1754587025,card5,141.0
1754587025,card6,148.0
1754587025,card7,145.0
1754587025,
1754587030,card0,257.0
1754587030,card1,146.0
1754587030,card2,149.0
1754587030,card3,151.0
1754587030,card4,153.0
1754587030,card5,141.0
1754587030,card6,148.0
1754587030,card7,145.0
1754587030,
1754587035,card0,192.0
1754587035,card1,146.0
1754587035,card2,148.0
1754587035,card3,151.0
1754587035,card4,153.0
1754587035,card5,141.0
1754587035,card6,148.0
1754587035,card7,145.0
1754587035,
1754587040,card0,192.0
1754587040,card1,146.0
1754587040,card2,147.0
1754587040,card3,151.0
1754587040,card4,153.0
1754587040,card5,141.0
1754587040,card6,148.0
1754587040,card7,145.0
1754587040,
1754587045,card0,189.0
1754587045,card1,146.0
1754587045,card2,148.0
1754587045,card3,151.0
1754587045,card4,154.0
1754587045,card5,141.0
1754587045,card6,148.0
1754587045,card7,145.0
1754587045,
1754587050,card0,188.0
1754587050,card1,145.0
1754587050,card2,148.0
1754587050,card3,151.0
1754587050,card4,153.0
1754587050,card5,141.0
1754587050,card6,147.0
1754587050,card7,145.0
1754587050,
1754587056,card0,188.0
1754587056,card1,145.0
1754587056,card2,148.0
1754587056,card3,150.0
1754587056,card4,152.0
1754587056,card5,141.0
1754587056,card6,147.0
1754587056,card7,145.0
1754587056,
1754587061,card0,215.0
1754587061,card1,145.0
1754587061,card2,148.0
1754587061,card3,150.0
1754587061,card4,152.0
1754587061,card5,140.0
1754587061,card6,147.0
1754587061,card7,144.0
1754587061,
1754587066,card0,234.0
1754587066,card1,145.0
1754587066,card2,148.0
1754587066,card3,150.0
1754587066,card4,153.0
1754587066,card5,140.0
1754587066,card6,148.0
1754587066,card7,145.0
1754587066,
1754587071,card0,635.0
1754587071,card1,146.0
1754587071,card2,148.0
1754587071,card3,151.0
1754587071,card4,153.0
1754587071,card5,141.0
1754587071,card6,148.0
1754587071,card7,145.0
1754587071,
1754587076,card0,674.0
1754587076,card1,145.0
1754587076,card2,147.0
1754587076,card3,150.0
1754587076,card4,153.0
1754587076,card5,140.0
1754587076,card6,147.0
1754587076,card7,145.0
1754587076,
1754587081,card0,674.0
1754587081,card1,146.0
1754587081,card2,148.0
1754587081,card3,150.0
1754587081,card4,153.0
1754587081,card5,140.0
1754587081,card6,148.0
1754587081,card7,145.0
1754587081,
1754587086,card0,676.0
1754587086,card1,145.0
1754587086,card2,148.0
1754587086,card3,151.0
1754587086,card4,153.0
1754587086,card5,141.0
1754587086,card6,147.0
1754587086,card7,144.0
1754587086,
1754587091,card0,690.0
1754587091,card1,146.0
1754587091,card2,147.0
1754587091,card3,150.0
1754587091,card4,153.0
1754587091,card5,141.0
1754587091,card6,147.0
1754587091,card7,145.0
1754587091,
1754587096,card0,674.0
1754587096,card1,145.0
1754587096,card2,148.0
1754587096,card3,150.0
1754587096,card4,152.0
1754587096,card5,141.0
1754587096,card6,146.0
1754587096,card7,144.0
1754587096,
1754587102,card0,699.0
1754587102,card1,146.0
1754587102,card2,147.0
1754587102,card3,150.0
1754587102,card4,151.0
1754587102,card5,140.0
1754587102,card6,147.0
1754587102,card7,144.0
1754587102,
1754587107,card0,685.0
1754587107,card1,144.0
1754587107,card2,147.0
1754587107,card3,150.0
1754587107,card4,152.0
1754587107,card5,140.0
1754587107,card6,146.0
1754587107,card7,144.0
1754587107,
1754587112,card0,693.0
1754587112,card1,144.0
1754587112,card2,146.0
1754587112,card3,148.0
1754587112,card4,151.0
1754587112,card5,140.0
1754587112,card6,146.0
1754587112,card7,143.0
1754587112,
1754587117,card0,685.0
1754587117,card1,144.0
1754587117,card2,147.0
1754587117,card3,149.0
1754587117,card4,150.0
1754587117,card5,140.0
1754587117,card6,146.0
1754587117,card7,143.0
1754587117,
1754587122,card0,674.0
1754587122,card1,145.0
1754587122,card2,146.0
1754587122,card3,148.0
1754587122,card4,150.0
1754587122,card5,140.0
1754587122,card6,146.0
1754587122,card7,144.0
1754587122,
1754587127,card0,656.0
1754587127,card1,144.0
1754587127,card2,146.0
1754587127,card3,147.0
1754587127,card4,149.0
1754587127,card5,139.0
1754587127,card6,145.0
1754587127,card7,143.0
1754587127,
1754587132,card0,674.0
1754587132,card1,144.0
1754587132,card2,146.0
1754587132,card3,147.0
1754587132,card4,150.0
1754587132,card5,140.0
1754587132,card6,144.0
1754587132,card7,143.0
1754587132,
1754587137,card0,680.0
1754587137,card1,144.0
1754587137,card2,147.0
1754587137,card3,147.0
1754587137,card4,149.0
1754587137,card5,139.0
1754587137,card6,144.0
1754587137,card7,143.0
1754587137,
1754587142,card0,692.0
1754587142,card1,144.0
1754587142,card2,146.0
1754587142,card3,147.0
1754587142,card4,150.0
1754587142,card5,139.0
1754587142,card6,144.0
1754587142,card7,144.0
1754587142,
1754587147,card0,696.0
1754587147,card1,144.0
1754587147,card2,146.0
1754587147,card3,146.0
1754587147,card4,149.0
1754587147,card5,139.0
1754587147,card6,145.0
1754587147,card7,142.0
1754587147,
1754587153,card0,683.0
1754587153,card1,144.0
1754587153,card2,146.0
1754587153,card3,147.0
1754587153,card4,149.0
1754587153,card5,139.0
1754587153,card6,144.0
1754587153,card7,143.0
1754587153,
1754587158,card0,693.0
1754587158,card1,144.0
1754587158,card2,146.0
1754587158,card3,147.0
1754587158,card4,149.0
1754587158,card5,139.0
1754587158,card6,144.0
1754587158,card7,143.0
1754587158,
1754587163,card0,694.0
1754587163,card1,144.0
1754587163,card2,146.0
1754587163,card3,146.0
1754587163,card4,149.0
1754587163,card5,139.0
1754587163,card6,145.0
1754587163,card7,143.0
1754587163,
1754587168,card0,691.0
1754587168,card1,144.0
1754587168,card2,146.0
1754587168,card3,147.0
1754587168,card4,149.0
1754587168,card5,140.0
1754587168,card6,145.0
1754587168,card7,143.0
1754587168,
1754587173,card0,701.0
1754587173,card1,144.0
1754587173,card2,147.0
1754587173,card3,147.0
1754587173,card4,150.0
1754587173,card5,140.0
1754587173,card6,144.0
1754587173,card7,144.0
1754587173,
1754587178,card0,198.0
1754587178,card1,144.0
1754587178,card2,146.0
1754587178,card3,147.0
1754587178,card4,150.0
1754587178,card5,140.0
1754587178,card6,145.0
1754587178,card7,143.0
1754587178,
1754587183,card0,195.0
1754587183,card1,145.0
1754587183,card2,147.0
1754587183,card3,148.0
1754587183,card4,151.0
1754587183,card5,141.0
1754587183,card6,145.0
1754587183,card7,145.0
1754587183,
1754587188,card0,208.0
1754587188,card1,144.0
1754587188,card2,147.0
1754587188,card3,147.0
1754587188,card4,150.0
1754587188,card5,139.0
1754587188,card6,145.0
1754587188,card7,143.0
1754587188,
1754587193,card0,158.0
1754587193,card1,145.0
1754587193,card2,147.0
1754587193,card3,147.0
1754587193,card4,150.0
1754587193,card5,139.0
1754587193,card6,144.0
1754587193,card7,143.0
1754587193,
1754587199,card0,156.0
1754587199,card1,144.0
1754587199,card2,147.0
1754587199,card3,147.0
1754587199,card4,150.0
1754587199,card5,139.0
1754587199,card6,145.0
1754587199,card7,144.0
1754587199,
1754587204,card0,155.0
1754587204,card1,144.0
1754587204,card2,147.0
1754587204,card3,147.0
1754587204,card4,150.0
1754587204,card5,140.0
1754587204,card6,145.0
1754587204,card7,144.0
1754587204,
1754587209,card0,155.0
1754587209,card1,144.0
1754587209,card2,146.0
1754587209,card3,148.0
1754587209,card4,150.0
1754587209,card5,140.0
1754587209,card6,145.0
1754587209,card7,144.0
1754587209,
1754587214,card0,155.0
1754587214,card1,145.0
1754587214,card2,147.0
1754587214,card3,148.0
1754587214,card4,151.0
1754587214,card5,140.0
1754587214,card6,145.0
1754587214,card7,145.0
1754587214,
1754587219,card0,155.0
1754587219,card1,145.0
1754587219,card2,147.0
1754587219,card3,148.0
1754587219,card4,151.0
1754587219,card5,140.0
1754587219,card6,145.0
1754587219,card7,144.0
1754587219,
1754587224,card0,155.0
1754587224,card1,145.0
1754587224,card2,148.0
1754587224,card3,148.0
1754587224,card4,151.0
1754587224,card5,140.0
1754587224,card6,145.0
1754587224,card7,144.0
1754587224,
1754587229,card0,154.0
1754587229,card1,145.0
1754587229,card2,147.0
1754587229,card3,148.0
1754587229,card4,151.0
1754587229,card5,140.0
1754587229,card6,146.0
1754587229,card7,145.0
1754587229,
1754587234,card0,154.0
1754587234,card1,145.0
1754587234,card2,148.0
1754587234,card3,149.0
1754587234,card4,151.0
1754587234,card5,140.0
1754587234,card6,146.0
1754587234,card7,144.0
1754587234,
1754587239,card0,154.0
1754587239,card1,145.0
1754587239,card2,147.0
1754587239,card3,149.0
1754587239,card4,151.0
1754587239,card5,140.0
1754587239,card6,146.0
1754587239,card7,144.0
1754587239,
1754587244,card0,154.0
1754587244,card1,145.0
1754587244,card2,147.0
1754587244,card3,149.0
1754587244,card4,152.0
1754587244,card5,140.0
1754587244,card6,146.0
1754587244,card7,144.0
1754587244,
1754587250,card0,153.0
1754587250,card1,145.0
1754587250,card2,147.0
1754587250,card3,149.0
1754587250,card4,152.0
1754587250,card5,140.0
1754587250,card6,147.0
1754587250,card7,144.0
1754587250,
1754587255,card0,157.0
1754587255,card1,146.0
1754587255,card2,148.0
1754587255,card3,149.0
1754587255,card4,151.0
1754587255,card5,141.0
1754587255,card6,147.0
1754587255,card7,144.0
1754587255,
1754587260,card0,153.0
1754587260,card1,145.0
1754587260,card2,147.0
1754587260,card3,150.0
1754587260,card4,152.0
1754587260,card5,141.0
1754587260,card6,147.0
1754587260,card7,145.0
1754587260,
1754587265,card0,153.0
1754587265,card1,145.0
1754587265,card2,148.0
1754587265,card3,149.0
1754587265,card4,152.0
1754587265,card5,140.0
1754587265,card6,147.0
1754587265,card7,145.0
1754587265,
1754587270,card0,437.0
1754587270,card1,145.0
1754587270,card2,147.0
1754587270,card3,150.0
1754587270,card4,152.0
1754587270,card5,141.0
1754587270,card6,147.0
1754587270,card7,145.0
1754587270,
1754587275,card0,196.0
1754587275,card1,146.0
1754587275,card2,148.0
1754587275,card3,150.0
1754587275,card4,152.0
1754587275,card5,140.0
1754587275,card6,147.0
1754587275,card7,145.0
1754587275,
1754587280,card0,751.0
1754587280,card1,145.0
1754587280,card2,148.0
1754587280,card3,150.0
1754587280,card4,152.0
1754587280,card5,140.0
1754587280,card6,146.0
1754587280,card7,144.0
1754587280,
1754587285,card0,238.0
1754587285,card1,145.0
1754587285,card2,148.0
1754587285,card3,150.0
1754587285,card4,153.0
1754587285,card5,140.0
1754587285,card6,147.0
1754587285,card7,145.0
1754587285,
1754587290,card0,192.0
1754587290,card1,145.0
1754587290,card2,148.0
1754587290,card3,150.0
1754587290,card4,153.0
1754587290,card5,140.0
1754587290,card6,147.0
1754587290,card7,145.0
1754587290,
1754587296,card0,192.0
1754587296,card1,146.0
1754587296,card2,147.0
1754587296,card3,150.0
1754587296,card4,152.0
1754587296,card5,140.0
1754587296,card6,147.0
1754587296,card7,145.0
1754587296,
1754587301,card0,188.0
1754587301,card1,145.0
1754587301,card2,148.0
1754587301,card3,150.0
1754587301,card4,153.0
1754587301,card5,141.0
1754587301,card6,147.0
1754587301,card7,145.0
1754587301,
1754587306,card0,187.0
1754587306,card1,146.0
1754587306,card2,148.0
1754587306,card3,150.0
1754587306,card4,152.0
1754587306,card5,140.0
1754587306,card6,147.0
1754587306,card7,144.0
1754587306,
1754587311,card0,186.0
1754587311,card1,145.0
1754587311,card2,147.0
1754587311,card3,150.0
1754587311,card4,151.0
1754587311,card5,140.0
1754587311,card6,147.0
1754587311,card7,144.0
1754587311,
1754587316,card0,258.0
1754587316,card1,145.0
1754587316,card2,147.0
1754587316,card3,150.0
1754587316,card4,152.0
1754587316,card5,140.0
1754587316,card6,146.0
1754587316,card7,144.0
1754587316,
1754587321,card0,174.0
1754587321,card1,145.0
1754587321,card2,147.0
1754587321,card3,150.0
1754587321,card4,152.0
1754587321,card5,140.0
1754587321,card6,146.0
1754587321,card7,145.0
1754587321,
1754587326,card0,651.0
1754587326,card1,145.0
1754587326,card2,147.0
1754587326,card3,150.0
1754587326,card4,152.0
1754587326,card5,140.0
1754587326,card6,147.0
1754587326,card7,144.0
1754587326,
1754587331,card0,683.0
1754587331,card1,146.0
1754587331,card2,147.0
1754587331,card3,149.0
1754587331,card4,152.0
1754587331,card5,140.0
1754587331,card6,147.0
1754587331,card7,145.0
1754587331,
1754587336,card0,647.0
1754587336,card1,146.0
1754587336,card2,148.0
1754587336,card3,150.0
1754587336,card4,152.0
1754587336,card5,140.0
1754587336,card6,147.0
1754587336,card7,144.0
1754587336,
1754587342,card0,667.0
1754587342,card1,145.0
1754587342,card2,147.0
1754587342,card3,150.0
1754587342,card4,152.0
1754587342,card5,141.0
1754587342,card6,146.0
1754587342,card7,144.0
1754587342,
1754587347,card0,689.0
1754587347,card1,145.0
1754587347,card2,147.0
1754587347,card3,149.0
1754587347,card4,152.0
1754587347,card5,139.0
1754587347,card6,146.0
1754587347,card7,144.0
1754587347,
1754587352,card0,680.0
1754587352,card1,145.0
1754587352,card2,148.0
1754587352,card3,149.0
1754587352,card4,152.0
1754587352,card5,140.0
1754587352,card6,146.0
1754587352,card7,144.0
1754587352,
1754587357,card0,685.0
1754587357,card1,144.0
1754587357,card2,147.0
1754587357,card3,149.0
1754587357,card4,151.0
1754587357,card5,139.0
1754587357,card6,147.0
1754587357,card7,145.0
1754587357,
1754587362,card0,669.0
1754587362,card1,145.0
1754587362,card2,146.0
1754587362,card3,148.0
1754587362,card4,151.0
1754587362,card5,140.0
1754587362,card6,146.0
1754587362,card7,144.0
1754587362,
1754587367,card0,670.0
1754587367,card1,144.0
1754587367,card2,147.0
1754587367,card3,148.0
1754587367,card4,150.0
1754587367,card5,139.0
1754587367,card6,145.0
1754587367,card7,144.0
1754587367,
1754587372,card0,695.0
1754587372,card1,143.0
1754587372,card2,147.0
1754587372,card3,148.0
1754587372,card4,150.0
1754587372,card5,139.0
1754587372,card6,145.0
1754587372,card7,142.0
1754587372,
1754587377,card0,673.0
1754587377,card1,144.0
1754587377,card2,146.0
1754587377,card3,147.0
1754587377,card4,149.0
1754587377,card5,140.0
1754587377,card6,145.0
1754587377,card7,143.0
1754587377,
1754587382,card0,680.0
1754587382,card1,143.0
1754587382,card2,146.0
1754587382,card3,147.0
1754587382,card4,150.0
1754587382,card5,139.0
1754587382,card6,144.0
1754587382,card7,143.0
1754587382,
1754587388,card0,681.0
1754587388,card1,144.0
1754587388,card2,146.0
1754587388,card3,148.0
1754587388,card4,150.0
1754587388,card5,139.0
1754587388,card6,144.0
1754587388,card7,143.0
1754587388,
1754587393,card0,691.0
1754587393,card1,144.0
1754587393,card2,147.0
1754587393,card3,147.0
1754587393,card4,149.0
1754587393,card5,139.0
1754587393,card6,144.0
1754587393,card7,143.0
1754587393,
1754587398,card0,675.0
1754587398,card1,144.0
1754587398,card2,146.0
1754587398,card3,147.0
1754587398,card4,149.0
1754587398,card5,139.0
1754587398,card6,143.0
1754587398,card7,143.0
1754587398,
1754587403,card0,685.0
1754587403,card1,143.0
1754587403,card2,146.0
1754587403,card3,147.0
1754587403,card4,149.0
1754587403,card5,139.0
1754587403,card6,144.0
1754587403,card7,143.0
1754587403,
1754587408,card0,698.0
1754587408,card1,144.0
1754587408,card2,146.0
1754587408,card3,147.0
1754587408,card4,149.0
1754587408,card5,140.0
1754587408,card6,144.0
1754587408,card7,143.0
1754587408,
1754587413,card0,537.0
1754587413,card1,144.0
1754587413,card2,146.0
1754587413,card3,147.0
1754587413,card4,149.0
1754587413,card5,139.0
1754587413,card6,144.0
1754587413,card7,143.0
1754587413,
1754587418,card0,660.0
1754587418,card1,144.0
1754587418,card2,146.0
1754587418,card3,147.0
1754587418,card4,149.0
1754587418,card5,139.0
1754587418,card6,143.0
1754587418,card7,143.0
1754587418,
1754587423,card0,702.0
1754587423,card1,144.0
1754587423,card2,146.0
1754587423,card3,147.0
1754587423,card4,149.0
1754587423,card5,139.0
1754587423,card6,144.0
1754587423,card7,143.0
1754587423,
1754587428,card0,677.0
1754587428,card1,144.0
1754587428,card2,147.0
1754587428,card3,147.0
1754587428,card4,149.0
1754587428,card5,140.0
1754587428,card6,144.0
1754587428,card7,144.0
1754587428,
1754587434,card0,199.0
1754587434,card1,144.0
1754587434,card2,146.0
1754587434,card3,147.0
1754587434,card4,149.0
1754587434,card5,139.0
1754587434,card6,144.0
1754587434,card7,143.0
1754587434,
1754587439,card0,204.0
1754587439,card1,175.0
1754587439,card2,176.0
1754587439,card3,176.0
1754587439,card4,178.0
1754587439,card5,169.0
1754587439,card6,174.0
1754587439,card7,173.0
1754587439,
1754587444,card0,206.0
1754587444,card1,144.0
1754587444,card2,146.0
1754587444,card3,146.0
1754587444,card4,150.0
1754587444,card5,139.0
1754587444,card6,144.0
1754587444,card7,143.0
1754587444,
1754587449,card0,157.0
1754587449,card1,144.0
1754587449,card2,147.0
1754587449,card3,147.0
1754587449,card4,149.0
1754587449,card5,139.0
1754587449,card6,144.0
1754587449,card7,143.0
1754587449,
1754587454,card0,155.0
1754587454,card1,144.0
1754587454,card2,146.0
1754587454,card3,147.0
1754587454,card4,150.0
1754587454,card5,140.0
1754587454,card6,145.0
1754587454,card7,143.0
1754587454,
1754587459,card0,155.0
1754587459,card1,145.0
1754587459,card2,146.0
1754587459,card3,147.0
1754587459,card4,150.0
1754587459,card5,139.0
1754587459,card6,145.0
1754587459,card7,143.0
1754587459,
1754587464,card0,155.0
1754587464,card1,145.0
1754587464,card2,147.0
1754587464,card3,148.0
1754587464,card4,150.0
1754587464,card5,139.0
1754587464,card6,144.0
1754587464,card7,143.0
1754587464,
1754587469,card0,155.0
1754587469,card1,145.0
1754587469,card2,146.0
1754587469,card3,148.0
1754587469,card4,150.0
1754587469,card5,140.0
1754587469,card6,145.0
1754587469,card7,143.0
1754587469,
1754587474,card0,154.0
1754587474,card1,145.0
1754587474,card2,147.0
1754587474,card3,149.0
1754587474,card4,151.0
1754587474,card5,140.0
1754587474,card6,145.0
1754587474,card7,144.0
1754587474,
1754587479,card0,154.0
1754587479,card1,145.0
1754587479,card2,147.0
1754587479,card3,149.0
1754587479,card4,151.0
1754587479,card5,140.0
1754587479,card6,145.0
1754587479,card7,144.0
1754587479,
1754587485,card0,154.0
1754587485,card1,145.0
1754587485,card2,147.0
1754587485,card3,148.0
1754587485,card4,151.0
1754587485,card5,140.0
1754587485,card6,145.0
1754587485,card7,144.0
1754587485,
1754587490,card0,154.0
1754587490,card1,145.0
1754587490,card2,147.0
1754587490,card3,149.0
1754587490,card4,151.0
1754587490,card5,140.0
1754587490,card6,145.0
1754587490,card7,144.0
1754587490,
1754587495,card0,154.0
1754587495,card1,145.0
1754587495,card2,146.0
1754587495,card3,149.0
1754587495,card4,151.0
1754587495,card5,140.0
1754587495,card6,146.0
1754587495,card7,145.0
1754587495,
1754587500,card0,153.0
1754587500,card1,145.0
1754587500,card2,147.0
1754587500,card3,149.0
1754587500,card4,152.0
1754587500,card5,140.0
1754587500,card6,146.0
1754587500,card7,145.0
1754587500,
1754587505,card0,153.0
1754587505,card1,145.0
1754587505,card2,147.0
1754587505,card3,149.0
1754587505,card4,152.0
1754587505,card5,140.0
1754587505,card6,146.0
1754587505,card7,145.0
1754587505,
1754587510,card0,186.0
1754587510,card1,146.0
1754587510,card2,148.0
1754587510,card3,150.0
1754587510,card4,152.0
1754587510,card5,140.0
1754587510,card6,146.0
1754587510,card7,145.0
1754587510,
1754587515,card0,186.0
1754587515,card1,145.0
1754587515,card2,148.0
1754587515,card3,149.0
1754587515,card4,152.0
1754587515,card5,140.0
1754587515,card6,147.0
1754587515,card7,145.0
1754587515,
1754587520,card0,185.0
1754587520,card1,145.0
1754587520,card2,148.0
1754587520,card3,149.0
1754587520,card4,152.0
1754587520,card5,140.0
1754587520,card6,146.0
1754587520,card7,144.0
1754587520,
1754587525,card0,187.0
1754587525,card1,145.0
1754587525,card2,147.0
1754587525,card3,149.0
1754587525,card4,152.0
1754587525,card5,141.0
1754587525,card6,146.0
1754587525,card7,145.0
1754587525,
1754587531,card0,173.0
1754587531,card1,145.0
1754587531,card2,148.0
1754587531,card3,149.0
1754587531,card4,152.0
1754587531,card5,140.0
1754587531,card6,147.0
1754587531,card7,145.0
1754587531,
1754587536,card0,750.0
1754587536,card1,145.0
1754587536,card2,148.0
1754587536,card3,149.0
1754587536,card4,152.0
1754587536,card5,141.0
1754587536,card6,147.0
1754587536,card7,145.0
1754587536,
1754587541,card0,228.0
1754587541,card1,145.0
1754587541,card2,147.0
1754587541,card3,150.0
1754587541,card4,152.0
1754587541,card5,141.0
1754587541,card6,147.0
1754587541,card7,145.0
1754587541,
1754587546,card0,189.0
1754587546,card1,145.0
1754587546,card2,147.0
1754587546,card3,150.0
1754587546,card4,152.0
1754587546,card5,140.0
1754587546,card6,147.0
1754587546,card7,144.0
1754587546,
1754587551,card0,189.0
1754587551,card1,146.0
1754587551,card2,147.0
1754587551,card3,150.0
1754587551,card4,152.0
1754587551,card5,140.0
1754587551,card6,147.0
1754587551,card7,145.0
1754587551,
1754587556,card0,188.0
1754587556,card1,145.0
1754587556,card2,147.0
1754587556,card3,150.0
1754587556,card4,152.0
1754587556,card5,140.0
1754587556,card6,147.0
1754587556,card7,145.0
1754587556,
1754587561,card0,187.0
1754587561,card1,145.0
1754587561,card2,147.0
1754587561,card3,149.0
1754587561,card4,152.0
1754587561,card5,141.0
1754587561,card6,146.0
1754587561,card7,144.0
1754587561,
1754587566,card0,187.0
1754587566,card1,145.0
1754587566,card2,147.0
1754587566,card3,149.0
1754587566,card4,151.0
1754587566,card5,140.0
1754587566,card6,146.0
1754587566,card7,144.0
1754587566,
1754587571,card0,235.0
1754587571,card1,145.0
1754587571,card2,147.0
1754587571,card3,149.0
1754587571,card4,152.0
1754587571,card5,140.0
1754587571,card6,147.0
1754587571,card7,144.0
1754587571,
1754587577,card0,208.0
1754587577,card1,145.0
1754587577,card2,148.0
1754587577,card3,149.0
1754587577,card4,152.0
1754587577,card5,140.0
1754587577,card6,146.0
1754587577,card7,145.0
1754587577,
1754587582,card0,675.0
1754587582,card1,146.0
1754587582,card2,147.0
1754587582,card3,150.0
1754587582,card4,152.0
1754587582,card5,141.0
1754587582,card6,147.0
1754587582,card7,144.0
1754587582,
1754587587,card0,682.0
1754587587,card1,145.0
1754587587,card2,147.0
1754587587,card3,150.0
1754587587,card4,152.0
1754587587,card5,140.0
1754587587,card6,147.0
1754587587,card7,144.0
1754587587,
1754587592,card0,682.0
1754587592,card1,145.0
1754587592,card2,148.0
1754587592,card3,150.0
1754587592,card4,153.0
1754587592,card5,141.0
1754587592,card6,147.0
1754587592,card7,145.0
1754587592,
1754587597,card0,199.0
1754587597,card1,146.0
1754587597,card2,148.0
1754587597,card3,150.0
1754587597,card4,152.0
1754587597,card5,140.0
1754587597,card6,147.0
1754587597,card7,144.0
1754587597,
1754587602,card0,194.0
1754587602,card1,148.0
1754587602,card2,150.0
1754587602,card3,152.0
1754587602,card4,154.0
1754587602,card5,143.0
1754587602,card6,149.0
1754587602,card7,147.0
1754587602,
1754587607,card0,206.0
1754587607,card1,145.0
1754587607,card2,147.0
1754587607,card3,149.0
1754587607,card4,152.0
1754587607,card5,140.0
1754587607,card6,146.0
1754587607,card7,144.0
1754587607,
1754587612,card0,156.0
1754587612,card1,145.0
1754587612,card2,147.0
1754587612,card3,149.0
1754587612,card4,151.0
1754587612,card5,140.0
1754587612,card6,146.0
1754587612,card7,144.0
1754587612,
1754587617,card0,155.0
1754587617,card1,144.0
1754587617,card2,147.0
1754587617,card3,149.0
1754587617,card4,151.0
1754587617,card5,140.0
1754587617,card6,146.0
1754587617,card7,143.0
1754587617,
1754587623,card0,153.0
1754587623,card1,145.0
1754587623,card2,147.0
1754587623,card3,148.0
1754587623,card4,151.0
1754587623,card5,140.0
1754587623,card6,145.0
1754587623,card7,143.0
1754587623,
1754587628,card0,153.0
1754587628,card1,145.0
1754587628,card2,147.0
1754587628,card3,148.0
1754587628,card4,151.0
1754587628,card5,139.0
1754587628,card6,146.0
1754587628,card7,143.0
1754587628,
1754587633,card0,152.0
1754587633,card1,145.0
1754587633,card2,147.0
1754587633,card3,148.0
1754587633,card4,150.0
1754587633,card5,140.0
1754587633,card6,145.0
1754587633,card7,144.0
1754587633,
1754587638,card0,152.0
1754587638,card1,145.0
1754587638,card2,147.0
1754587638,card3,148.0
1754587638,card4,151.0
1754587638,card5,140.0
1754587638,card6,145.0
1754587638,card7,144.0
1754587638,
1754587643,card0,152.0
1754587643,card1,145.0
1754587643,card2,147.0
1754587643,card3,148.0
1754587643,card4,151.0
1754587643,card5,140.0
1754587643,card6,146.0
1754587643,card7,143.0
1754587643,
1754587648,card0,153.0
1754587648,card1,145.0
1754587648,card2,147.0
1754587648,card3,149.0
1754587648,card4,151.0
1754587648,card5,140.0
1754587648,card6,146.0
1754587648,card7,144.0
1754587648,
1754587653,card0,152.0
1754587653,card1,146.0
1754587653,card2,147.0
1754587653,card3,149.0
1754587653,card4,151.0
1754587653,card5,140.0
1754587653,card6,146.0
1754587653,card7,144.0
1754587653,
1754587658,card0,153.0
1754587658,card1,145.0
1754587658,card2,148.0
1754587658,card3,149.0
1754587658,card4,151.0
1754587658,card5,140.0
1754587658,card6,146.0
1754587658,card7,145.0
1754587658,
1754587663,card0,152.0
1754587663,card1,145.0
1754587663,card2,147.0
1754587663,card3,149.0
1754587663,card4,151.0
1754587663,card5,141.0
1754587663,card6,147.0
1754587663,card7,145.0
1754587663,
1754587669,card0,153.0
1754587669,card1,145.0
1754587669,card2,148.0
1754587669,card3,150.0
1754587669,card4,152.0
1754587669,card5,141.0
1754587669,card6,146.0
1754587669,card7,144.0
1754587669,
1754587674,card0,191.0
1754587674,card1,145.0
1754587674,card2,147.0
1754587674,card3,149.0
1754587674,card4,151.0
1754587674,card5,141.0
1754587674,card6,146.0
1754587674,card7,144.0
1754587674,
1754587679,card0,153.0
1754587679,card1,145.0
1754587679,card2,147.0
1754587679,card3,150.0
1754587679,card4,152.0
1754587679,card5,141.0
1754587679,card6,147.0
1754587679,card7,144.0
1754587679,
1754587684,card0,185.0
1754587684,card1,145.0
1754587684,card2,148.0
1754587684,card3,150.0
1754587684,card4,152.0
1754587684,card5,141.0
1754587684,card6,147.0
1754587684,card7,144.0
1754587684,
1754587689,card0,186.0
1754587689,card1,145.0
1754587689,card2,148.0
1754587689,card3,149.0
1754587689,card4,152.0
1754587689,card5,140.0
1754587689,card6,147.0
1754587689,card7,145.0
1754587689,
1754587694,card0,187.0
1754587694,card1,145.0
1754587694,card2,148.0
1754587694,card3,150.0
1754587694,card4,152.0
1754587694,card5,141.0
1754587694,card6,147.0
1754587694,card7,145.0
1754587694,
1754587699,card0,728.0
1754587699,card1,145.0
1754587699,card2,148.0
1754587699,card3,150.0
1754587699,card4,152.0
1754587699,card5,141.0
1754587699,card6,147.0
1754587699,card7,145.0
1754587699,
1754587704,card0,232.0
1754587704,card1,145.0
1754587704,card2,148.0
1754587704,card3,150.0
1754587704,card4,152.0
1754587704,card5,141.0
1754587704,card6,147.0
1754587704,card7,145.0
1754587704,
1754587709,card0,191.0
1754587709,card1,145.0
1754587709,card2,148.0
1754587709,card3,150.0
1754587709,card4,152.0
1754587709,card5,140.0
1754587709,card6,148.0
1754587709,card7,144.0
1754587709,
1754587714,card0,190.0
1754587714,card1,145.0
1754587714,card2,148.0
1754587714,card3,150.0
1754587714,card4,152.0
1754587714,card5,140.0
1754587714,card6,147.0
1754587714,card7,144.0
1754587714,
1754587720,card0,186.0
1754587720,card1,145.0
1754587720,card2,147.0
1754587720,card3,150.0
1754587720,card4,152.0
1754587720,card5,140.0
1754587720,card6,146.0
1754587720,card7,144.0
1754587720,
1754587725,card0,186.0
1754587725,card1,145.0
1754587725,card2,147.0
1754587725,card3,149.0
1754587725,card4,152.0
1754587725,card5,141.0
1754587725,card6,146.0
1754587725,card7,145.0
1754587725,
1754587730,card0,186.0
1754587730,card1,145.0
1754587730,card2,147.0
1754587730,card3,150.0
1754587730,card4,152.0
1754587730,card5,140.0
1754587730,card6,146.0
1754587730,card7,144.0
1754587730,
1754587735,card0,237.0
1754587735,card1,145.0
1754587735,card2,147.0
1754587735,card3,149.0
1754587735,card4,152.0
1754587735,card5,141.0
1754587735,card6,146.0
1754587735,card7,145.0
1754587735,
1754587740,card0,227.0
1754587740,card1,145.0
1754587740,card2,147.0
1754587740,card3,150.0
1754587740,card4,152.0
1754587740,card5,140.0
1754587740,card6,147.0
1754587740,card7,145.0
1754587740,
1754587745,card0,675.0
1754587745,card1,145.0
1754587745,card2,147.0
1754587745,card3,151.0
1754587745,card4,152.0
1754587745,card5,140.0
1754587745,card6,148.0
1754587745,card7,144.0
1754587745,
1754587750,card0,716.0
1754587750,card1,145.0
1754587750,card2,148.0
1754587750,card3,150.0
1754587750,card4,152.0
1754587750,card5,141.0
1754587750,card6,147.0
1754587750,card7,145.0
1754587750,
1754587755,card0,684.0
1754587755,card1,144.0
1754587755,card2,148.0
1754587755,card3,149.0
1754587755,card4,153.0
1754587755,card5,140.0
1754587755,card6,146.0
1754587755,card7,144.0
1754587755,
1754587760,card0,377.0
1754587760,card1,145.0
1754587760,card2,147.0
1754587760,card3,150.0
1754587760,card4,152.0
1754587760,card5,141.0
1754587760,card6,147.0
1754587760,card7,145.0
1754587760,
1754587765,card0,195.0
1754587765,card1,145.0
1754587765,card2,148.0
1754587765,card3,150.0
1754587765,card4,153.0
1754587765,card5,140.0
1754587765,card6,147.0
1754587765,card7,145.0
1754587765,
1754587771,card0,208.0
1754587771,card1,145.0
1754587771,card2,148.0
1754587771,card3,150.0
1754587771,card4,153.0
1754587771,card5,140.0
1754587771,card6,147.0
1754587771,card7,145.0
1754587771,
1754587776,card0,158.0
1754587776,card1,145.0
1754587776,card2,147.0
1754587776,card3,150.0
1754587776,card4,152.0
1754587776,card5,141.0
1754587776,card6,147.0
1754587776,card7,145.0
1754587776,
1754587781,card0,156.0
1754587781,card1,145.0
1754587781,card2,147.0
1754587781,card3,149.0
1754587781,card4,152.0
1754587781,card5,140.0
1754587781,card6,146.0
1754587781,card7,144.0
1754587781,
1754587786,card0,155.0
1754587786,card1,145.0
1754587786,card2,147.0
1754587786,card3,149.0
1754587786,card4,152.0
1754587786,card5,140.0
1754587786,card6,146.0
1754587786,card7,144.0
1754587786,
1754587791,card0,155.0
1754587791,card1,145.0
1754587791,card2,148.0
1754587791,card3,150.0
1754587791,card4,152.0
1754587791,card5,140.0
1754587791,card6,147.0
1754587791,card7,144.0
1754587791,
1754587796,card0,155.0
1754587796,card1,145.0
1754587796,card2,147.0
1754587796,card3,150.0
1754587796,card4,152.0
1754587796,card5,140.0
1754587796,card6,147.0
1754587796,card7,144.0
1754587796,
1754587801,card0,154.0
1754587801,card1,145.0
1754587801,card2,148.0
1754587801,card3,150.0
1754587801,card4,152.0
1754587801,card5,141.0
1754587801,card6,146.0
1754587801,card7,145.0
1754587801,
1754587806,card0,154.0
1754587806,card1,145.0
1754587806,card2,148.0
1754587806,card3,150.0
1754587806,card4,152.0
1754587806,card5,141.0
1754587806,card6,147.0
1754587806,card7,145.0
1754587806,
1754587811,card0,154.0
1754587811,card1,146.0
1754587811,card2,148.0
1754587811,card3,150.0
1754587811,card4,152.0
1754587811,card5,141.0
1754587811,card6,147.0
1754587811,card7,144.0
1754587811,
1754587817,card0,154.0
1754587817,card1,145.0
1754587817,card2,148.0
1754587817,card3,150.0
1754587817,card4,153.0
1754587817,card5,140.0
1754587817,card6,147.0
1754587817,card7,145.0
1754587817,
1754587822,card0,154.0
1754587822,card1,146.0
1754587822,card2,148.0
1754587822,card3,150.0
1754587822,card4,152.0
1754587822,card5,141.0
1754587822,card6,147.0
1754587822,card7,145.0
1754587822,
1754587827,card0,154.0
1754587827,card1,146.0
1754587827,card2,147.0
1754587827,card3,150.0
1754587827,card4,152.0
1754587827,card5,141.0
1754587827,card6,147.0
1754587827,card7,145.0
1754587827,
1754587832,card0,153.0
1754587832,card1,145.0
1754587832,card2,148.0
1754587832,card3,150.0
1754587832,card4,152.0
1754587832,card5,141.0
1754587832,card6,147.0
1754587832,card7,145.0
1754587832,
1754587837,card0,183.0
1754587837,card1,145.0
1754587837,card2,148.0
1754587837,card3,151.0
1754587837,card4,152.0
1754587837,card5,141.0
1754587837,card6,147.0
1754587837,card7,145.0
1754587837,
1754587842,card0,186.0
1754587842,card1,146.0
1754587842,card2,147.0
1754587842,card3,151.0
1754587842,card4,153.0
1754587842,card5,141.0
1754587842,card6,148.0
1754587842,card7,145.0
1754587842,
1754587847,card0,190.0
1754587847,card1,146.0
1754587847,card2,148.0
1754587847,card3,151.0
1754587847,card4,153.0
1754587847,card5,141.0
1754587847,card6,147.0
1754587847,card7,145.0
1754587847,
1754587852,card0,174.0
1754587852,card1,146.0
1754587852,card2,148.0
1754587852,card3,151.0
1754587852,card4,153.0
1754587852,card5,141.0
1754587852,card6,148.0
1754587852,card7,145.0
1754587852,
1754587857,card0,188.0
1754587857,card1,146.0
1754587857,card2,148.0
1754587857,card3,150.0
1754587857,card4,153.0
1754587857,card5,141.0
1754587857,card6,147.0
1754587857,card7,145.0
1754587857,
1754587863,card0,246.0
1754587863,card1,146.0
1754587863,card2,148.0
1754587863,card3,150.0
1754587863,card4,153.0
1754587863,card5,141.0
1754587863,card6,148.0
1754587863,card7,145.0
1754587863,
1754587868,card0,235.0
1754587868,card1,145.0
1754587868,card2,148.0
1754587868,card3,151.0
1754587868,card4,153.0
1754587868,card5,140.0
1754587868,card6,147.0
1754587868,card7,145.0
1754587868,
1754587873,card0,189.0
1754587873,card1,146.0
1754587873,card2,148.0
1754587873,card3,151.0
1754587873,card4,152.0
1754587873,card5,140.0
1754587873,card6,148.0
1754587873,card7,145.0
1754587873,
1754587878,card0,189.0
1754587878,card1,146.0
1754587878,card2,148.0
1754587878,card3,151.0
1754587878,card4,153.0
1754587878,card5,141.0
1754587878,card6,148.0
1754587878,card7,145.0
1754587878,
1754587883,card0,188.0
1754587883,card1,145.0
1754587883,card2,147.0
1754587883,card3,151.0
1754587883,card4,152.0
1754587883,card5,140.0
1754587883,card6,147.0
1754587883,card7,145.0
1754587883,
1754587888,card0,187.0
1754587888,card1,145.0
1754587888,card2,147.0
1754587888,card3,150.0
1754587888,card4,152.0
1754587888,card5,140.0
1754587888,card6,147.0
1754587888,card7,144.0
1754587888,
1754587893,card0,234.0
1754587893,card1,145.0
1754587893,card2,147.0
1754587893,card3,150.0
1754587893,card4,152.0
1754587893,card5,140.0
1754587893,card6,147.0
1754587893,card7,144.0
1754587893,
1754587898,card0,213.0
1754587898,card1,145.0
1754587898,card2,147.0
1754587898,card3,150.0
1754587898,card4,152.0
1754587898,card5,140.0
1754587898,card6,147.0
1754587898,card7,145.0
1754587898,
1754587903,card0,688.0
1754587903,card1,144.0
1754587903,card2,147.0
1754587903,card3,150.0
1754587903,card4,152.0
1754587903,card5,140.0
1754587903,card6,147.0
1754587903,card7,144.0
1754587903,
1754587908,card0,674.0
1754587908,card1,146.0
1754587908,card2,148.0
1754587908,card3,150.0
1754587908,card4,152.0
1754587908,card5,140.0
1754587908,card6,146.0
1754587908,card7,145.0
1754587908,
1754587914,card0,689.0
1754587914,card1,145.0
1754587914,card2,148.0
1754587914,card3,150.0
1754587914,card4,152.0
1754587914,card5,141.0
1754587914,card6,147.0
1754587914,card7,145.0
1754587914,
1754587919,card0,688.0
1754587919,card1,145.0
1754587919,card2,148.0
1754587919,card3,149.0
1754587919,card4,152.0
1754587919,card5,140.0
1754587919,card6,147.0
1754587919,card7,144.0
1754587919,
1754587924,card0,690.0
1754587924,card1,145.0
1754587924,card2,147.0
1754587924,card3,150.0
1754587924,card4,153.0
1754587924,card5,140.0
1754587924,card6,147.0
1754587924,card7,144.0
1754587924,
1754587929,card0,678.0
1754587929,card1,145.0
1754587929,card2,147.0
1754587929,card3,149.0
1754587929,card4,153.0
1754587929,card5,140.0
1754587929,card6,147.0
1754587929,card7,145.0
1754587929,
1754587934,card0,691.0
1754587934,card1,145.0
1754587934,card2,148.0
1754587934,card3,150.0
1754587934,card4,152.0
1754587934,card5,141.0
1754587934,card6,146.0
1754587934,card7,144.0
1754587934,
1754587939,card0,686.0
1754587939,card1,146.0
1754587939,card2,147.0
1754587939,card3,150.0
1754587939,card4,152.0
1754587939,card5,140.0
1754587939,card6,146.0
1754587939,card7,143.0
1754587939,
1754587944,card0,694.0
1754587944,card1,144.0
1754587944,card2,146.0
1754587944,card3,148.0
1754587944,card4,150.0
1754587944,card5,139.0
1754587944,card6,146.0
1754587944,card7,144.0
1754587944,
1754587949,card0,690.0
1754587949,card1,144.0
1754587949,card2,147.0
1754587949,card3,149.0
1754587949,card4,151.0
1754587949,card5,140.0
1754587949,card6,145.0
1754587949,card7,144.0
1754587949,
1754587955,card0,688.0
1754587955,card1,144.0
1754587955,card2,145.0
1754587955,card3,148.0
1754587955,card4,150.0
1754587955,card5,140.0
1754587955,card6,145.0
1754587955,card7,143.0
1754587955,
1754587960,card0,691.0
1754587960,card1,145.0
1754587960,card2,147.0
1754587960,card3,148.0
1754587960,card4,150.0
1754587960,card5,139.0
1754587960,card6,144.0
1754587960,card7,142.0
1754587960,
1754587965,card0,682.0
1754587965,card1,144.0
1754587965,card2,146.0
1754587965,card3,147.0
1754587965,card4,150.0
1754587965,card5,139.0
1754587965,card6,145.0
1754587965,card7,143.0
1754587965,
1754587970,card0,692.0
1754587970,card1,143.0
1754587970,card2,146.0
1754587970,card3,148.0
1754587970,card4,149.0
1754587970,card5,139.0
1754587970,card6,144.0
1754587970,card7,143.0
1754587970,
1754587975,card0,685.0
1754587975,card1,143.0
1754587975,card2,146.0
1754587975,card3,146.0
1754587975,card4,150.0
1754587975,card5,140.0
1754587975,card6,144.0
1754587975,card7,143.0
1754587975,
1754587980,card0,701.0
1754587980,card1,144.0
1754587980,card2,146.0
1754587980,card3,147.0
1754587980,card4,149.0
1754587980,card5,139.0
1754587980,card6,144.0
1754587980,card7,143.0
1754587980,
1754587985,card0,442.0
1754587985,card1,143.0
1754587985,card2,146.0
1754587985,card3,147.0
1754587985,card4,149.0
1754587985,card5,139.0
1754587985,card6,144.0
1754587985,card7,142.0
1754587985,
1754587990,card0,683.0
1754587990,card1,143.0
1754587990,card2,145.0
1754587990,card3,146.0
1754587990,card4,149.0
1754587990,card5,139.0
1754587990,card6,145.0
1754587990,card7,143.0
1754587990,
1754587995,card0,693.0
1754587995,card1,144.0
1754587995,card2,146.0
1754587995,card3,147.0
1754587995,card4,149.0
1754587995,card5,139.0
1754587995,card6,144.0
1754587995,card7,144.0
1754587995,
1754588001,card0,688.0
1754588001,card1,144.0
1754588001,card2,147.0
1754588001,card3,147.0
1754588001,card4,149.0
1754588001,card5,139.0
1754588001,card6,144.0
1754588001,card7,143.0
1754588001,
1754588006,card0,685.0
1754588006,card1,144.0
1754588006,card2,146.0
1754588006,card3,146.0
1754588006,card4,150.0
1754588006,card5,139.0
1754588006,card6,144.0
1754588006,card7,143.0
1754588006,
1754588011,card0,680.0
1754588011,card1,143.0
1754588011,card2,147.0
1754588011,card3,147.0
1754588011,card4,150.0
1754588011,card5,139.0
1754588011,card6,144.0
1754588011,card7,143.0
1754588011,
1754588016,card0,697.0
1754588016,card1,144.0
1754588016,card2,146.0
1754588016,card3,148.0
1754588016,card4,149.0
1754588016,card5,139.0
1754588016,card6,145.0
1754588016,card7,143.0
1754588016,
1754588021,card0,690.0
1754588021,card1,144.0
1754588021,card2,147.0
1754588021,card3,148.0
1754588021,card4,149.0
1754588021,card5,140.0
1754588021,card6,144.0
1754588021,card7,143.0
1754588021,
1754588026,card0,689.0
1754588026,card1,145.0
1754588026,card2,147.0
1754588026,card3,146.0
1754588026,card4,149.0
1754588026,card5,140.0
1754588026,card6,145.0
1754588026,card7,143.0
1754588026,
1754588031,card0,696.0
1754588031,card1,145.0
1754588031,card2,147.0
1754588031,card3,147.0
1754588031,card4,150.0
1754588031,card5,139.0
1754588031,card6,145.0
1754588031,card7,143.0
1754588031,
1754588036,card0,203.0
1754588036,card1,144.0
1754588036,card2,146.0
1754588036,card3,147.0
1754588036,card4,150.0
1754588036,card5,139.0
1754588036,card6,145.0
1754588036,card7,144.0
1754588036,
1754588042,card0,198.0
1754588042,card1,144.0
1754588042,card2,146.0
1754588042,card3,147.0
1754588042,card4,150.0
1754588042,card5,139.0
1754588042,card6,144.0
1754588042,card7,143.0
1754588042,
1754588047,card0,203.0
1754588047,card1,144.0
1754588047,card2,146.0
1754588047,card3,147.0
1754588047,card4,150.0
1754588047,card5,139.0
1754588047,card6,145.0
1754588047,card7,144.0
1754588047,
1754588052,card0,158.0
1754588052,card1,144.0
1754588052,card2,147.0
1754588052,card3,147.0
1754588052,card4,150.0
1754588052,card5,139.0
1754588052,card6,145.0
1754588052,card7,143.0
1754588052,
1754588057,card0,156.0
1754588057,card1,144.0
1754588057,card2,146.0
1754588057,card3,147.0
1754588057,card4,150.0
1754588057,card5,140.0
1754588057,card6,145.0
1754588057,card7,142.0
1754588057,
1754588062,card0,155.0
1754588062,card1,145.0
1754588062,card2,147.0
1754588062,card3,147.0
1754588062,card4,150.0
1754588062,card5,139.0
1754588062,card6,145.0
1754588062,card7,143.0
1754588062,
1754588067,card0,154.0
1754588067,card1,144.0
1754588067,card2,147.0
1754588067,card3,148.0
1754588067,card4,150.0
1754588067,card5,139.0
1754588067,card6,145.0
1754588067,card7,144.0
1754588067,
1754588072,card0,155.0
1754588072,card1,145.0
1754588072,card2,147.0
1754588072,card3,148.0
1754588072,card4,151.0
1754588072,card5,140.0
1754588072,card6,145.0
1754588072,card7,144.0
1754588072,
1754588077,card0,154.0
1754588077,card1,144.0
1754588077,card2,147.0
1754588077,card3,148.0
1754588077,card4,151.0
1754588077,card5,140.0
1754588077,card6,145.0
1754588077,card7,144.0
1754588077,
1754588083,card0,154.0
1754588083,card1,145.0
1754588083,card2,147.0
1754588083,card3,148.0
1754588083,card4,151.0
1754588083,card5,140.0
1754588083,card6,146.0
1754588083,card7,144.0
1754588083,
1754588088,card0,154.0
1754588088,card1,145.0
1754588088,card2,148.0
1754588088,card3,148.0
1754588088,card4,150.0
1754588088,card5,140.0
1754588088,card6,146.0
1754588088,card7,144.0
1754588088,
1754588093,card0,154.0
1754588093,card1,145.0
1754588093,card2,147.0
1754588093,card3,149.0
1754588093,card4,151.0
1754588093,card5,140.0
1754588093,card6,146.0
1754588093,card7,144.0
1754588093,
1754588098,card0,154.0
1754588098,card1,146.0
1754588098,card2,147.0
1754588098,card3,149.0
1754588098,card4,152.0
1754588098,card5,140.0
1754588098,card6,146.0
1754588098,card7,144.0
1754588098,
1754588103,card0,154.0
1754588103,card1,145.0
1754588103,card2,147.0
1754588103,card3,149.0
1754588103,card4,151.0
1754588103,card5,140.0
1754588103,card6,146.0
1754588103,card7,144.0
1754588103,
1754588108,card0,235.0
1754588108,card1,145.0
1754588108,card2,147.0
1754588108,card3,149.0
1754588108,card4,152.0
1754588108,card5,140.0
1754588108,card6,146.0
1754588108,card7,145.0
1754588108,
1754588113,card0,186.0
1754588113,card1,145.0
1754588113,card2,148.0
1754588113,card3,149.0
1754588113,card4,152.0
1754588113,card5,140.0
1754588113,card6,146.0
1754588113,card7,144.0
1754588113,
1754588118,card0,186.0
1754588118,card1,145.0
1754588118,card2,148.0
1754588118,card3,150.0
1754588118,card4,152.0
1754588118,card5,141.0
1754588118,card6,146.0
1754588118,card7,144.0
1754588118,
1754588123,card0,411.0
1754588123,card1,145.0
1754588123,card2,148.0
1754588123,card3,149.0
1754588123,card4,152.0
1754588123,card5,140.0
1754588123,card6,147.0
1754588123,card7,145.0
1754588123,
1754588129,card0,189.0
1754588129,card1,145.0
1754588129,card2,148.0
1754588129,card3,150.0
1754588129,card4,152.0
1754588129,card5,141.0
1754588129,card6,147.0
1754588129,card7,145.0
1754588129,
1754588134,card0,751.0
1754588134,card1,146.0
1754588134,card2,148.0
1754588134,card3,150.0
1754588134,card4,152.0
1754588134,card5,140.0
1754588134,card6,147.0
1754588134,card7,144.0
1754588134,
1754588139,card0,300.0
1754588139,card1,145.0
1754588139,card2,147.0
1754588139,card3,150.0
1754588139,card4,152.0
1754588139,card5,140.0
1754588139,card6,147.0
1754588139,card7,145.0
1754588139,
1754588144,card0,192.0
1754588144,card1,146.0
1754588144,card2,148.0
1754588144,card3,150.0
1754588144,card4,152.0
1754588144,card5,141.0
1754588144,card6,147.0
1754588144,card7,145.0
1754588144,
1754588149,card0,191.0
1754588149,card1,145.0
1754588149,card2,148.0
1754588149,card3,150.0
1754588149,card4,152.0
1754588149,card5,141.0
1754588149,card6,147.0
1754588149,card7,145.0
1754588149,
1754588154,card0,192.0
1754588154,card1,145.0
1754588154,card2,148.0
1754588154,card3,150.0
1754588154,card4,153.0
1754588154,card5,141.0
1754588154,card6,147.0
1754588154,card7,145.0
1754588154,
1754588159,card0,192.0
1754588159,card1,145.0
1754588159,card2,148.0
1754588159,card3,150.0
1754588159,card4,152.0
1754588159,card5,141.0
1754588159,card6,147.0
1754588159,card7,145.0
1754588159,
1754588164,card0,192.0
1754588164,card1,146.0
1754588164,card2,148.0
1754588164,card3,150.0
1754588164,card4,153.0
1754588164,card5,141.0
1754588164,card6,147.0
1754588164,card7,145.0
1754588164,
1754588170,card0,236.0
1754588170,card1,145.0
1754588170,card2,148.0
1754588170,card3,150.0
1754588170,card4,153.0
1754588170,card5,140.0
1754588170,card6,147.0
1754588170,card7,145.0
1754588170,
1754588175,card0,677.0
1754588175,card1,146.0
1754588175,card2,148.0
1754588175,card3,151.0
1754588175,card4,153.0
1754588175,card5,142.0
1754588175,card6,147.0
1754588175,card7,145.0
1754588175,
1754588180,card0,690.0
1754588180,card1,146.0
1754588180,card2,148.0
1754588180,card3,150.0
1754588180,card4,153.0
1754588180,card5,141.0
1754588180,card6,148.0
1754588180,card7,144.0
1754588180,
1754588185,card0,683.0
1754588185,card1,146.0
1754588185,card2,148.0
1754588185,card3,151.0
1754588185,card4,152.0
1754588185,card5,141.0
1754588185,card6,147.0
1754588185,card7,145.0
1754588185,
1754588190,card0,691.0
1754588190,card1,146.0
1754588190,card2,148.0
1754588190,card3,150.0
1754588190,card4,152.0
1754588190,card5,141.0
1754588190,card6,147.0
1754588190,card7,145.0
1754588190,
1754588195,card0,687.0
1754588195,card1,145.0
1754588195,card2,148.0
1754588195,card3,150.0
1754588195,card4,153.0
1754588195,card5,141.0
1754588195,card6,148.0
1754588195,card7,145.0
1754588195,
1754588200,card0,688.0
1754588200,card1,145.0
1754588200,card2,149.0
1754588200,card3,150.0
1754588200,card4,153.0
1754588200,card5,140.0
1754588200,card6,148.0
1754588200,card7,145.0
1754588200,
1754588206,card0,686.0
1754588206,card1,145.0
1754588206,card2,147.0
1754588206,card3,150.0
1754588206,card4,152.0
1754588206,card5,140.0
1754588206,card6,147.0
1754588206,card7,145.0
1754588206,
1754588211,card0,687.0
1754588211,card1,145.0
1754588211,card2,148.0
1754588211,card3,149.0
1754588211,card4,151.0
1754588211,card5,140.0
1754588211,card6,146.0
1754588211,card7,144.0
1754588211,
1754588216,card0,696.0
1754588216,card1,144.0
1754588216,card2,147.0
1754588216,card3,149.0
1754588216,card4,151.0
1754588216,card5,140.0
1754588216,card6,146.0
1754588216,card7,143.0
1754588216,
1754588221,card0,682.0
1754588221,card1,145.0
1754588221,card2,146.0
1754588221,card3,148.0
1754588221,card4,151.0
1754588221,card5,140.0
1754588221,card6,146.0
1754588221,card7,143.0
1754588221,
1754588226,card0,692.0
1754588226,card1,143.0
1754588226,card2,147.0
1754588226,card3,148.0
1754588226,card4,150.0
1754588226,card5,139.0
1754588226,card6,146.0
1754588226,card7,144.0
1754588226,
1754588231,card0,683.0
1754588231,card1,144.0
1754588231,card2,146.0
1754588231,card3,148.0
1754588231,card4,150.0
1754588231,card5,139.0
1754588231,card6,145.0
1754588231,card7,143.0
1754588231,
1754588236,card0,672.0
1754588236,card1,144.0
1754588236,card2,145.0
1754588236,card3,148.0
1754588236,card4,150.0
1754588236,card5,139.0
1754588236,card6,144.0
1754588236,card7,143.0
1754588236,
1754588241,card0,682.0
1754588241,card1,144.0
1754588241,card2,146.0
1754588241,card3,146.0
1754588241,card4,149.0
1754588241,card5,140.0
1754588241,card6,144.0
1754588241,card7,142.0
1754588241,
1754588246,card0,681.0
1754588246,card1,144.0
1754588246,card2,145.0
1754588246,card3,146.0
1754588246,card4,149.0
1754588246,card5,139.0
1754588246,card6,144.0
1754588246,card7,143.0
1754588246,
1754588252,card0,690.0
1754588252,card1,144.0
1754588252,card2,145.0
1754588252,card3,147.0
1754588252,card4,149.0
1754588252,card5,139.0
1754588252,card6,143.0
1754588252,card7,143.0
1754588252,
1754588257,card0,685.0
1754588257,card1,144.0
1754588257,card2,146.0
1754588257,card3,147.0
1754588257,card4,149.0
1754588257,card5,139.0
1754588257,card6,144.0
1754588257,card7,143.0
1754588257,
1754588262,card0,689.0
1754588262,card1,143.0
1754588262,card2,146.0
1754588262,card3,146.0
1754588262,card4,148.0
1754588262,card5,139.0
1754588262,card6,143.0
1754588262,card7,143.0
1754588262,
1754588267,card0,686.0
1754588267,card1,144.0
1754588267,card2,146.0
1754588267,card3,146.0
1754588267,card4,149.0
1754588267,card5,139.0
1754588267,card6,144.0
1754588267,card7,143.0
1754588267,
1754588272,card0,694.0
1754588272,card1,144.0
1754588272,card2,146.0
1754588272,card3,146.0
1754588272,card4,149.0
1754588272,card5,139.0
1754588272,card6,144.0
1754588272,card7,143.0
1754588272,
1754588277,card0,689.0
1754588277,card1,144.0
1754588277,card2,146.0
1754588277,card3,147.0
1754588277,card4,150.0
1754588277,card5,139.0
1754588277,card6,143.0
1754588277,card7,143.0
1754588277,
1754588282,card0,687.0
1754588282,card1,145.0
1754588282,card2,147.0
1754588282,card3,146.0
1754588282,card4,150.0
1754588282,card5,139.0
1754588282,card6,144.0
1754588282,card7,143.0
1754588282,
1754588287,card0,695.0
1754588287,card1,143.0
1754588287,card2,146.0
1754588287,card3,147.0
1754588287,card4,149.0
1754588287,card5,140.0
1754588287,card6,144.0
1754588287,card7,143.0
1754588287,
1754588293,card0,686.0
1754588293,card1,143.0
1754588293,card2,147.0
1754588293,card3,147.0
1754588293,card4,149.0
1754588293,card5,139.0
1754588293,card6,144.0
1754588293,card7,143.0
1754588293,
1754588298,card0,687.0
1754588298,card1,143.0
1754588298,card2,147.0
1754588298,card3,147.0
1754588298,card4,150.0
1754588298,card5,139.0
1754588298,card6,145.0
1754588298,card7,143.0
1754588298,
1754588303,card0,693.0
1754588303,card1,144.0
1754588303,card2,147.0
1754588303,card3,147.0
1754588303,card4,149.0
1754588303,card5,139.0
1754588303,card6,145.0
1754588303,card7,144.0
1754588303,
1754588308,card0,698.0
1754588308,card1,144.0
1754588308,card2,147.0
1754588308,card3,147.0
1754588308,card4,149.0
1754588308,card5,139.0
1754588308,card6,145.0
1754588308,card7,143.0
1754588308,
1754588313,card0,200.0
1754588313,card1,144.0
1754588313,card2,146.0
1754588313,card3,147.0
1754588313,card4,150.0
1754588313,card5,139.0
1754588313,card6,144.0
1754588313,card7,144.0
1754588313,
1754588318,card0,209.0
1754588318,card1,144.0
1754588318,card2,147.0
1754588318,card3,147.0
1754588318,card4,150.0
1754588318,card5,140.0
1754588318,card6,145.0
1754588318,card7,143.0
1754588318,
1754588323,card0,158.0
1754588323,card1,144.0
1754588323,card2,146.0
1754588323,card3,148.0
1754588323,card4,150.0
1754588323,card5,140.0
1754588323,card6,144.0
1754588323,card7,143.0
1754588323,
1754588328,card0,156.0
1754588328,card1,144.0
1754588328,card2,147.0
1754588328,card3,147.0
1754588328,card4,149.0
1754588328,card5,139.0
1754588328,card6,144.0
1754588328,card7,144.0
1754588328,
1754588333,card0,156.0
1754588333,card1,144.0
1754588333,card2,146.0
1754588333,card3,147.0
1754588333,card4,150.0
1754588333,card5,139.0
1754588333,card6,145.0
1754588333,card7,143.0
1754588333,
1754588339,card0,156.0
1754588339,card1,144.0
1754588339,card2,146.0
1754588339,card3,147.0
1754588339,card4,149.0
1754588339,card5,140.0
1754588339,card6,145.0
1754588339,card7,143.0
1754588339,
1754588344,card0,155.0
1754588344,card1,145.0
1754588344,card2,147.0
1754588344,card3,148.0
1754588344,card4,150.0
1754588344,card5,140.0
1754588344,card6,145.0
1754588344,card7,143.0
1754588344,
1754588349,card0,155.0
1754588349,card1,145.0
1754588349,card2,147.0
1754588349,card3,148.0
1754588349,card4,150.0
1754588349,card5,140.0
1754588349,card6,145.0
1754588349,card7,144.0
1754588349,
1754588354,card0,154.0
1754588354,card1,145.0
1754588354,card2,147.0
1754588354,card3,148.0
1754588354,card4,151.0
1754588354,card5,140.0
1754588354,card6,146.0
1754588354,card7,144.0
1754588354,
1754588359,card0,154.0
1754588359,card1,145.0
1754588359,card2,147.0
1754588359,card3,148.0
1754588359,card4,151.0
1754588359,card5,140.0
1754588359,card6,146.0
1754588359,card7,145.0
1754588359,
1754588364,card0,154.0
1754588364,card1,145.0
1754588364,card2,147.0
1754588364,card3,148.0
1754588364,card4,151.0
1754588364,card5,139.0
1754588364,card6,145.0
1754588364,card7,144.0
1754588364,
1754588369,card0,154.0
1754588369,card1,145.0
1754588369,card2,147.0
1754588369,card3,149.0
1754588369,card4,151.0
1754588369,card5,141.0
1754588369,card6,146.0
1754588369,card7,144.0
1754588369,
1754588374,card0,154.0
1754588374,card1,145.0
1754588374,card2,147.0
1754588374,card3,149.0
1754588374,card4,152.0
1754588374,card5,140.0
1754588374,card6,146.0
1754588374,card7,145.0
1754588374,
1754588379,card0,154.0
1754588379,card1,145.0
1754588379,card2,147.0
1754588379,card3,149.0
1754588379,card4,152.0
1754588379,card5,140.0
1754588379,card6,146.0
1754588379,card7,144.0
1754588379,
1754588384,card0,154.0
1754588384,card1,145.0
1754588384,card2,147.0
1754588384,card3,149.0
1754588384,card4,152.0
1754588384,card5,141.0
1754588384,card6,146.0
1754588384,card7,144.0
1754588384,
1754588390,card0,153.0
1754588390,card1,145.0
1754588390,card2,148.0
1754588390,card3,149.0
1754588390,card4,152.0
1754588390,card5,141.0
1754588390,card6,146.0
1754588390,card7,145.0
1754588390,
1754588395,card0,153.0
1754588395,card1,146.0
1754588395,card2,147.0
1754588395,card3,150.0
1754588395,card4,152.0
1754588395,card5,141.0
1754588395,card6,147.0
1754588395,card7,144.0
1754588395,
1754588400,card0,153.0
1754588400,card1,145.0
1754588400,card2,147.0
1754588400,card3,150.0
1754588400,card4,152.0
1754588400,card5,140.0
1754588400,card6,147.0
1754588400,card7,145.0
1754588400,
1754588405,card0,154.0
1754588405,card1,145.0
1754588405,card2,148.0
1754588405,card3,150.0
1754588405,card4,152.0
1754588405,card5,140.0
1754588405,card6,146.0
1754588405,card7,145.0
1754588405,
1754588410,card0,153.0
1754588410,card1,145.0
1754588410,card2,147.0
1754588410,card3,150.0
1754588410,card4,152.0
1754588410,card5,140.0
1754588410,card6,147.0
1754588410,card7,145.0
1754588410,
1754588415,card0,153.0
1754588415,card1,145.0
1754588415,card2,148.0
1754588415,card3,149.0
1754588415,card4,152.0
1754588415,card5,140.0
1754588415,card6,147.0
1754588415,card7,144.0
1754588415,
1754588420,card0,153.0
1754588420,card1,145.0
1754588420,card2,147.0
1754588420,card3,150.0
1754588420,card4,152.0
1754588420,card5,140.0
1754588420,card6,147.0
1754588420,card7,144.0
1754588420,
1754588425,card0,153.0
1754588425,card1,146.0
1754588425,card2,148.0
1754588425,card3,150.0
1754588425,card4,152.0
1754588425,card5,140.0
1754588425,card6,147.0
1754588425,card7,145.0
1754588425,
1754588431,card0,153.0
1754588431,card1,146.0
1754588431,card2,148.0
1754588431,card3,150.0
1754588431,card4,152.0
1754588431,card5,140.0
1754588431,card6,146.0
1754588431,card7,144.0
1754588431,
1754588436,card0,153.0
1754588436,card1,146.0
1754588436,card2,147.0
1754588436,card3,150.0
1754588436,card4,152.0
1754588436,card5,140.0
1754588436,card6,147.0
1754588436,card7,144.0
1754588436,
1754588441,card0,153.0
1754588441,card1,146.0
1754588441,card2,148.0
1754588441,card3,150.0
1754588441,card4,153.0
1754588441,card5,141.0
1754588441,card6,147.0
1754588441,card7,145.0
1754588441,
1754588446,card0,152.0
1754588446,card1,146.0
1754588446,card2,148.0
1754588446,card3,150.0
1754588446,card4,153.0
1754588446,card5,140.0
1754588446,card6,147.0
1754588446,card7,144.0
1754588446,
1754588451,card0,153.0
1754588451,card1,146.0
1754588451,card2,148.0
1754588451,card3,151.0
1754588451,card4,152.0
1754588451,card5,141.0
1754588451,card6,148.0
1754588451,card7,145.0
1754588451,
1754588456,card0,153.0
1754588456,card1,145.0
1754588456,card2,148.0
1754588456,card3,150.0
1754588456,card4,153.0
1754588456,card5,141.0
1754588456,card6,147.0
1754588456,card7,145.0
1754588456,
1754588461,card0,154.0
1754588461,card1,146.0
1754588461,card2,147.0
1754588461,card3,151.0
1754588461,card4,153.0
1754588461,card5,141.0
1754588461,card6,147.0
1754588461,card7,145.0
1754588461,
1754588466,card0,153.0
1754588466,card1,146.0
1754588466,card2,148.0
1754588466,card3,151.0
1754588466,card4,153.0
1754588466,card5,141.0
1754588466,card6,147.0
1754588466,card7,145.0
1754588466,
1754588471,card0,153.0
1754588471,card1,146.0
1754588471,card2,148.0
1754588471,card3,150.0
1754588471,card4,153.0
1754588471,card5,141.0
1754588471,card6,148.0
1754588471,card7,145.0
1754588471,
1754588476,card0,152.0
1754588476,card1,146.0
1754588476,card2,148.0
1754588476,card3,150.0
1754588476,card4,153.0
1754588476,card5,141.0
1754588476,card6,147.0
1754588476,card7,145.0
1754588476,
1754588482,card0,153.0
1754588482,card1,146.0
1754588482,card2,148.0
1754588482,card3,150.0
1754588482,card4,152.0
1754588482,card5,141.0
1754588482,card6,147.0
1754588482,card7,145.0
1754588482,
1754588487,card0,153.0
1754588487,card1,145.0
1754588487,card2,148.0
1754588487,card3,150.0
1754588487,card4,153.0
1754588487,card5,141.0
1754588487,card6,147.0
1754588487,card7,145.0
1754588487,
1754588492,card0,153.0
1754588492,card1,145.0
1754588492,card2,148.0
1754588492,card3,151.0
1754588492,card4,152.0
1754588492,card5,141.0
1754588492,card6,147.0
1754588492,card7,145.0
1754588492,
1754588497,card0,152.0
1754588497,card1,146.0
1754588497,card2,148.0
1754588497,card3,150.0
1754588497,card4,153.0
1754588497,card5,141.0
1754588497,card6,147.0
1754588497,card7,145.0
1754588497,
1754588502,card0,153.0
1754588502,card1,146.0
1754588502,card2,148.0
1754588502,card3,150.0
1754588502,card4,153.0
1754588502,card5,141.0
1754588502,card6,148.0
1754588502,card7,145.0
1754588502,
1754588507,card0,153.0
1754588507,card1,145.0
1754588507,card2,148.0
1754588507,card3,151.0
1754588507,card4,153.0
1754588507,card5,141.0
1754588507,card6,147.0
1754588507,card7,146.0
1754588507,
1754588512,card0,153.0
1754588512,card1,146.0
1754588512,card2,148.0
1754588512,card3,151.0
1754588512,card4,153.0
1754588512,card5,141.0
1754588512,card6,147.0
1754588512,card7,145.0
1754588512,
1754588517,card0,153.0
1754588517,card1,146.0
1754588517,card2,147.0
1754588517,card3,151.0
1754588517,card4,153.0
1754588517,card5,140.0
1754588517,card6,147.0
1754588517,card7,145.0
1754588517,
1754588522,card0,153.0
1754588522,card1,146.0
1754588522,card2,148.0
1754588522,card3,151.0
1754588522,card4,153.0
1754588522,card5,141.0
1754588522,card6,148.0
1754588522,card7,145.0
1754588522,
1754588528,card0,153.0
1754588528,card1,146.0
1754588528,card2,148.0
1754588528,card3,151.0
1754588528,card4,153.0
1754588528,card5,141.0
1754588528,card6,148.0
1754588528,card7,145.0
1754588528,
1754588533,card0,152.0
1754588533,card1,145.0
1754588533,card2,148.0
1754588533,card3,151.0
1754588533,card4,153.0
1754588533,card5,141.0
1754588533,card6,148.0
1754588533,card7,145.0
1754588533,
1754588538,card0,153.0
1754588538,card1,146.0
1754588538,card2,148.0
1754588538,card3,151.0
1754588538,card4,153.0
1754588538,card5,141.0
1754588538,card6,148.0
1754588538,card7,145.0
1754588538,
1754588543,card0,153.0
1754588543,card1,146.0
1754588543,card2,148.0
1754588543,card3,151.0
1754588543,card4,153.0
1754588543,card5,141.0
1754588543,card6,147.0
1754588543,card7,145.0
1754588543,
1754588548,card0,153.0
1754588548,card1,146.0
1754588548,card2,148.0
1754588548,card3,151.0
1754588548,card4,153.0
1754588548,card5,141.0
1754588548,card6,148.0
1754588548,card7,145.0
1754588548,
1754588553,card0,153.0
1754588553,card1,146.0
1754588553,card2,148.0
1754588553,card3,151.0
1754588553,card4,153.0
1754588553,card5,141.0
1754588553,card6,148.0
1754588553,card7,146.0
1754588553,
1754588558,card0,153.0
1754588558,card1,146.0
1754588558,card2,148.0
1754588558,card3,151.0
1754588558,card4,153.0
1754588558,card5,141.0
1754588558,card6,148.0
1754588558,card7,144.0
1754588558,
1754588563,card0,153.0
1754588563,card1,146.0
1754588563,card2,148.0
1754588563,card3,151.0
1754588563,card4,153.0
1754588563,card5,141.0
1754588563,card6,148.0
1754588563,card7,145.0
1754588563,
1754588568,card0,153.0
1754588568,card1,145.0
1754588568,card2,148.0
1754588568,card3,151.0
1754588568,card4,154.0
1754588568,card5,141.0
1754588568,card6,148.0
1754588568,card7,145.0
1754588568,
1754588573,card0,153.0
1754588573,card1,146.0
1754588573,card2,148.0
1754588573,card3,151.0
1754588573,card4,153.0
1754588573,card5,141.0
1754588573,card6,148.0
1754588573,card7,145.0
1754588573,
1754588579,card0,153.0
1754588579,card1,146.0
1754588579,card2,148.0
1754588579,card3,151.0
1754588579,card4,154.0
1754588579,card5,141.0
1754588579,card6,148.0
1754588579,card7,145.0
1754588579,
1754588584,card0,152.0
1754588584,card1,146.0
1754588584,card2,148.0
1754588584,card3,151.0
1754588584,card4,154.0
1754588584,card5,141.0
1754588584,card6,148.0
1754588584,card7,145.0
1754588584,
1754588589,card0,153.0
1754588589,card1,146.0
1754588589,card2,149.0
1754588589,card3,151.0
1754588589,card4,153.0
1754588589,card5,141.0
1754588589,card6,148.0
1754588589,card7,145.0
1754588589,
1754588594,card0,152.0
1754588594,card1,145.0
1754588594,card2,148.0
1754588594,card3,151.0
1754588594,card4,153.0
1754588594,card5,141.0
1754588594,card6,148.0
1754588594,card7,145.0
1754588594,
1754588599,card0,153.0
1754588599,card1,146.0
1754588599,card2,148.0
1754588599,card3,151.0
1754588599,card4,153.0
1754588599,card5,140.0
1754588599,card6,148.0
1754588599,card7,145.0
1754588599,
1754588604,card0,153.0
1754588604,card1,146.0
1754588604,card2,148.0
1754588604,card3,151.0
1754588604,card4,154.0
1754588604,card5,141.0
1754588604,card6,148.0
1754588604,card7,145.0
1754588604,
1754588609,card0,153.0
1754588609,card1,146.0
1754588609,card2,148.0
1754588609,card3,151.0
1754588609,card4,153.0
1754588609,card5,141.0
1754588609,card6,148.0
1754588609,card7,145.0
1754588609,
1754588614,card0,153.0
1754588614,card1,146.0
1754588614,card2,148.0
1754588614,card3,151.0
1754588614,card4,153.0
1754588614,card5,141.0
1754588614,card6,148.0
1754588614,card7,145.0
1754588614,
1754588619,card0,153.0
1754588619,card1,145.0
1754588619,card2,148.0
1754588619,card3,151.0
1754588619,card4,153.0
1754588619,card5,141.0
1754588619,card6,148.0
1754588619,card7,145.0
1754588619,
1754588625,card0,153.0
1754588625,card1,146.0
1754588625,card2,148.0
1754588625,card3,151.0
1754588625,card4,153.0
1754588625,card5,141.0
1754588625,card6,148.0
1754588625,card7,145.0
1754588625,
1754588630,card0,153.0
1754588630,card1,146.0
1754588630,card2,148.0
1754588630,card3,151.0
1754588630,card4,153.0
1754588630,card5,141.0
1754588630,card6,148.0
1754588630,card7,145.0
1754588630,
1754588635,card0,153.0
1754588635,card1,146.0
1754588635,card2,148.0
1754588635,card3,151.0
1754588635,card4,153.0
1754588635,card5,141.0
1754588635,card6,148.0
1754588635,card7,145.0
1754588635,
1754588640,card0,153.0
1754588640,card1,145.0
1754588640,card2,148.0
1754588640,card3,151.0
1754588640,card4,153.0
1754588640,card5,141.0
1754588640,card6,148.0
1754588640,card7,145.0
1754588640,
1754588645,card0,153.0
1754588645,card1,146.0
1754588645,card2,148.0
1754588645,card3,151.0
1754588645,card4,153.0
1754588645,card5,141.0
1754588645,card6,148.0
1754588645,card7,145.0
1754588645,
1754588650,card0,152.0
1754588650,card1,146.0
1754588650,card2,148.0
1754588650,card3,151.0
1754588650,card4,153.0
1754588650,card5,141.0
1754588650,card6,148.0
1754588650,card7,145.0
1754588650,
1754588655,card0,153.0
1754588655,card1,146.0
1754588655,card2,148.0
1754588655,card3,151.0
1754588655,card4,153.0
1754588655,card5,141.0
1754588655,card6,148.0
1754588655,card7,145.0
1754588655,
