timestamp,device,temp_edge_celsius,temp_junction_celsius
1754586662,card0,52.0,46.0
1754586662,card1,47.0,38.0
1754586662,card2,46.0,40.0
1754586662,card3,50.0,42.0
1754586662,card4,47.0,41.0
1754586662,card5,45.0,38.0
1754586662,card6,47.0,42.0
1754586662,card7,44.0,38.0
1754586662,
1754586667,card0,52.0,45.0
1754586667,card1,47.0,38.0
1754586667,card2,46.0,40.0
1754586667,card3,50.0,42.0
1754586667,card4,47.0,41.0
1754586667,card5,45.0,39.0
1754586667,card6,47.0,42.0
1754586667,card7,44.0,38.0
1754586667,
1754586672,card0,52.0,45.0
1754586672,card1,47.0,38.0
1754586672,card2,46.0,40.0
1754586672,card3,50.0,42.0
1754586672,card4,47.0,41.0
1754586672,card5,45.0,38.0
1754586672,card6,48.0,42.0
1754586672,card7,44.0,38.0
1754586672,
1754586677,card0,52.0,45.0
1754586677,card1,47.0,38.0
1754586677,card2,46.0,40.0
1754586677,card3,50.0,42.0
1754586677,card4,48.0,42.0
1754586677,card5,46.0,38.0
1754586677,card6,48.0,42.0
1754586677,card7,44.0,38.0
1754586677,
1754586683,card0,52.0,45.0
1754586683,card1,47.0,39.0
1754586683,card2,47.0,40.0
1754586683,card3,51.0,42.0
1754586683,card4,48.0,42.0
1754586683,card5,46.0,38.0
1754586683,card6,48.0,42.0
1754586683,card7,44.0,38.0
1754586683,
1754586688,card0,52.0,45.0
1754586688,card1,47.0,38.0
1754586688,card2,47.0,40.0
1754586688,card3,51.0,42.0
1754586688,card4,48.0,42.0
1754586688,card5,46.0,39.0
1754586688,card6,48.0,43.0
1754586688,card7,45.0,38.0
1754586688,
1754586693,card0,52.0,45.0
1754586693,card1,47.0,39.0
1754586693,card2,47.0,41.0
1754586693,card3,51.0,43.0
1754586693,card4,48.0,42.0
1754586693,card5,46.0,39.0
1754586693,card6,48.0,43.0
1754586693,card7,45.0,39.0
1754586693,
1754586698,card0,52.0,45.0
1754586698,card1,47.0,39.0
1754586698,card2,47.0,41.0
1754586698,card3,51.0,43.0
1754586698,card4,48.0,42.0
1754586698,card5,46.0,39.0
1754586698,card6,48.0,43.0
1754586698,card7,45.0,39.0
1754586698,
1754586703,card0,52.0,45.0
1754586703,card1,47.0,38.0
1754586703,card2,47.0,41.0
1754586703,card3,51.0,43.0
1754586703,card4,48.0,42.0
1754586703,card5,46.0,39.0
1754586703,card6,49.0,43.0
1754586703,card7,45.0,39.0
1754586703,
1754586708,card0,52.0,45.0
1754586708,card1,47.0,38.0
1754586708,card2,47.0,41.0
1754586708,card3,51.0,43.0
1754586708,card4,48.0,42.0
1754586708,card5,46.0,39.0
1754586708,card6,49.0,43.0
1754586708,card7,45.0,38.0
1754586708,
1754586713,card0,53.0,46.0
1754586713,card1,47.0,38.0
1754586713,card2,47.0,41.0
1754586713,card3,51.0,43.0
1754586713,card4,48.0,42.0
1754586713,card5,46.0,39.0
1754586713,card6,49.0,43.0
1754586713,card7,45.0,39.0
1754586713,
1754586719,card0,54.0,46.0
1754586719,card1,47.0,38.0
1754586719,card2,47.0,41.0
1754586719,card3,51.0,43.0
1754586719,card4,48.0,42.0
1754586719,card5,46.0,39.0
1754586719,card6,49.0,43.0
1754586719,card7,45.0,39.0
1754586719,
1754586724,card0,58.0,51.0
1754586724,card1,47.0,39.0
1754586724,card2,47.0,41.0
1754586724,card3,51.0,43.0
1754586724,card4,49.0,42.0
1754586724,card5,46.0,39.0
1754586724,card6,49.0,43.0
1754586724,card7,45.0,39.0
1754586724,
1754586729,card0,54.0,47.0
1754586729,card1,47.0,39.0
1754586729,card2,47.0,41.0
1754586729,card3,52.0,44.0
1754586729,card4,49.0,43.0
1754586729,card5,46.0,39.0
1754586729,card6,49.0,43.0
1754586729,card7,45.0,38.0
1754586729,
1754586734,card0,54.0,47.0
1754586734,card1,47.0,39.0
1754586734,card2,47.0,41.0
1754586734,card3,52.0,43.0
1754586734,card4,49.0,43.0
1754586734,card5,46.0,39.0
1754586734,card6,49.0,43.0
1754586734,card7,45.0,39.0
1754586734,
1754586739,card0,53.0,46.0
1754586739,card1,47.0,39.0
1754586739,card2,47.0,41.0
1754586739,card3,52.0,44.0
1754586739,card4,49.0,42.0
1754586739,card5,46.0,39.0
1754586739,card6,49.0,43.0
1754586739,card7,45.0,39.0
1754586739,
1754586744,card0,53.0,46.0
1754586744,card1,47.0,39.0
1754586744,card2,47.0,41.0
1754586744,card3,51.0,43.0
1754586744,card4,48.0,42.0
1754586744,card5,46.0,39.0
1754586744,card6,49.0,43.0
1754586744,card7,45.0,38.0
1754586744,
1754586749,card0,52.0,45.0
1754586749,card1,47.0,38.0
1754586749,card2,47.0,40.0
1754586749,card3,51.0,43.0
1754586749,card4,48.0,42.0
1754586749,card5,46.0,38.0
1754586749,card6,49.0,43.0
1754586749,card7,44.0,38.0
1754586749,
1754586755,card0,52.0,48.0
1754586755,card1,47.0,38.0
1754586755,card2,47.0,40.0
1754586755,card3,51.0,43.0
1754586755,card4,48.0,42.0
1754586755,card5,46.0,39.0
1754586755,card6,49.0,43.0
1754586755,card7,44.0,38.0
1754586755,
1754586760,card0,53.0,60.0
1754586760,card1,47.0,38.0
1754586760,card2,47.0,40.0
1754586760,card3,51.0,43.0
1754586760,card4,48.0,42.0
1754586760,card5,46.0,39.0
1754586760,card6,49.0,43.0
1754586760,card7,44.0,38.0
1754586760,
1754586765,card0,61.0,64.0
1754586765,card1,47.0,38.0
1754586765,card2,47.0,40.0
1754586765,card3,51.0,43.0
1754586765,card4,48.0,42.0
1754586765,card5,46.0,39.0
1754586765,card6,49.0,43.0
1754586765,card7,45.0,38.0
1754586765,
1754586770,card0,62.0,65.0
1754586770,card1,47.0,38.0
1754586770,card2,47.0,41.0
1754586770,card3,51.0,43.0
1754586770,card4,48.0,42.0
1754586770,card5,46.0,39.0
1754586770,card6,49.0,43.0
1754586770,card7,45.0,38.0
1754586770,
1754586775,card0,58.0,51.0
1754586775,card1,47.0,39.0
1754586775,card2,47.0,41.0
1754586775,card3,51.0,43.0
1754586775,card4,48.0,42.0
1754586775,card5,46.0,39.0
1754586775,card6,49.0,43.0
1754586775,card7,45.0,39.0
1754586775,
1754586780,card0,56.0,51.0
1754586780,card1,47.0,39.0
1754586780,card2,47.0,41.0
1754586780,card3,52.0,44.0
1754586780,card4,49.0,43.0
1754586780,card5,46.0,39.0
1754586780,card6,49.0,43.0
1754586780,card7,45.0,39.0
1754586780,
1754586785,card0,55.0,48.0
1754586785,card1,47.0,38.0
1754586785,card2,47.0,41.0
1754586785,card3,51.0,43.0
1754586785,card4,48.0,42.0
1754586785,card5,46.0,39.0
1754586785,card6,49.0,43.0
1754586785,card7,45.0,38.0
1754586785,
1754586791,card0,53.0,46.0
1754586791,card1,47.0,38.0
1754586791,card2,46.0,40.0
1754586791,card3,51.0,43.0
1754586791,card4,48.0,42.0
1754586791,card5,45.0,39.0
1754586791,card6,48.0,43.0
1754586791,card7,44.0,38.0
1754586791,
1754586796,card0,53.0,46.0
1754586796,card1,47.0,38.0
1754586796,card2,46.0,40.0
1754586796,card3,51.0,43.0
1754586796,card4,48.0,42.0
1754586796,card5,45.0,38.0
1754586796,card6,48.0,42.0
1754586796,card7,44.0,38.0
1754586796,
1754586801,card0,52.0,45.0
1754586801,card1,47.0,38.0
1754586801,card2,46.0,41.0
1754586801,card3,51.0,43.0
1754586801,card4,48.0,42.0
1754586801,card5,45.0,39.0
1754586801,card6,48.0,43.0
1754586801,card7,44.0,38.0
1754586801,
1754586806,card0,52.0,45.0
1754586806,card1,47.0,38.0
1754586806,card2,47.0,40.0
1754586806,card3,51.0,43.0
1754586806,card4,48.0,42.0
1754586806,card5,45.0,39.0
1754586806,card6,48.0,42.0
1754586806,card7,44.0,38.0
1754586806,
1754586811,card0,52.0,45.0
1754586811,card1,47.0,38.0
1754586811,card2,47.0,40.0
1754586811,card3,51.0,43.0
1754586811,card4,48.0,42.0
1754586811,card5,46.0,39.0
1754586811,card6,49.0,43.0
1754586811,card7,45.0,38.0
1754586811,
1754586816,card0,52.0,45.0
1754586816,card1,47.0,38.0
1754586816,card2,47.0,41.0
1754586816,card3,51.0,43.0
1754586816,card4,48.0,42.0
1754586816,card5,46.0,39.0
1754586816,card6,49.0,43.0
1754586816,card7,45.0,38.0
1754586816,
1754586821,card0,52.0,45.0
1754586821,card1,47.0,39.0
1754586821,card2,47.0,41.0
1754586821,card3,51.0,43.0
1754586821,card4,48.0,42.0
1754586821,card5,46.0,39.0
1754586821,card6,49.0,43.0
1754586821,card7,45.0,38.0
1754586821,
1754586827,card0,52.0,45.0
1754586827,card1,47.0,39.0
1754586827,card2,47.0,41.0
1754586827,card3,51.0,44.0
1754586827,card4,48.0,42.0
1754586827,card5,46.0,39.0
1754586827,card6,49.0,43.0
1754586827,card7,45.0,38.0
1754586827,
1754586832,card0,51.0,45.0
1754586832,card1,47.0,39.0
1754586832,card2,47.0,41.0
1754586832,card3,51.0,44.0
1754586832,card4,49.0,43.0
1754586832,card5,46.0,39.0
1754586832,card6,49.0,43.0
1754586832,card7,45.0,39.0
1754586832,
1754586837,card0,51.0,44.0
1754586837,card1,47.0,39.0
1754586837,card2,47.0,41.0
1754586837,card3,51.0,44.0
1754586837,card4,49.0,43.0
1754586837,card5,46.0,39.0
1754586837,card6,49.0,43.0
1754586837,card7,45.0,39.0
1754586837,
1754586842,card0,51.0,44.0
1754586842,card1,48.0,39.0
1754586842,card2,47.0,41.0
1754586842,card3,51.0,44.0
1754586842,card4,49.0,43.0
1754586842,card5,46.0,39.0
1754586842,card6,49.0,43.0
1754586842,card7,45.0,39.0
1754586842,
1754586847,card0,52.0,45.0
1754586847,card1,47.0,39.0
1754586847,card2,47.0,41.0
1754586847,card3,52.0,44.0
1754586847,card4,49.0,43.0
1754586847,card5,46.0,39.0
1754586847,card6,49.0,43.0
1754586847,card7,45.0,38.0
1754586847,
1754586852,card0,52.0,45.0
1754586852,card1,48.0,39.0
1754586852,card2,47.0,41.0
1754586852,card3,52.0,44.0
1754586852,card4,49.0,43.0
1754586852,card5,46.0,39.0
1754586852,card6,49.0,43.0
1754586852,card7,45.0,39.0
1754586852,
1754586857,card0,52.0,45.0
1754586857,card1,48.0,39.0
1754586857,card2,47.0,41.0
1754586857,card3,52.0,44.0
1754586857,card4,49.0,43.0
1754586857,card5,46.0,39.0
1754586857,card6,49.0,44.0
1754586857,card7,45.0,39.0
1754586857,
1754586863,card0,52.0,45.0
1754586863,card1,48.0,39.0
1754586863,card2,47.0,41.0
1754586863,card3,52.0,44.0
1754586863,card4,49.0,43.0
1754586863,card5,46.0,39.0
1754586863,card6,49.0,43.0
1754586863,card7,45.0,39.0
1754586863,
1754586868,card0,53.0,46.0
1754586868,card1,48.0,39.0
1754586868,card2,47.0,41.0
1754586868,card3,52.0,44.0
1754586868,card4,49.0,43.0
1754586868,card5,46.0,39.0
1754586868,card6,50.0,43.0
1754586868,card7,45.0,39.0
1754586868,
1754586873,card0,62.0,51.0
1754586873,card1,48.0,39.0
1754586873,card2,47.0,41.0
1754586873,card3,52.0,44.0
1754586873,card4,49.0,43.0
1754586873,card5,46.0,40.0
1754586873,card6,50.0,44.0
1754586873,card7,45.0,39.0
1754586873,
1754586878,card0,54.0,48.0
1754586878,card1,48.0,39.0
1754586878,card2,47.0,41.0
1754586878,card3,52.0,44.0
1754586878,card4,49.0,43.0
1754586878,card5,46.0,39.0
1754586878,card6,50.0,43.0
1754586878,card7,45.0,39.0
1754586878,
1754586883,card0,53.0,46.0
1754586883,card1,48.0,39.0
1754586883,card2,47.0,41.0
1754586883,card3,52.0,44.0
1754586883,card4,49.0,43.0
1754586883,card5,46.0,39.0
1754586883,card6,50.0,43.0
1754586883,card7,45.0,39.0
1754586883,
1754586888,card0,53.0,46.0
1754586888,card1,48.0,39.0
1754586888,card2,47.0,41.0
1754586888,card3,52.0,44.0
1754586888,card4,49.0,43.0
1754586888,card5,46.0,39.0
1754586888,card6,50.0,44.0
1754586888,card7,45.0,39.0
1754586888,
1754586893,card0,53.0,46.0
1754586893,card1,48.0,39.0
1754586893,card2,47.0,41.0
1754586893,card3,52.0,44.0
1754586893,card4,49.0,43.0
1754586893,card5,46.0,39.0
1754586893,card6,50.0,44.0
1754586893,card7,45.0,39.0
1754586893,
1754586899,card0,53.0,46.0
1754586899,card1,48.0,39.0
1754586899,card2,47.0,41.0
1754586899,card3,52.0,45.0
1754586899,card4,49.0,43.0
1754586899,card5,46.0,39.0
1754586899,card6,50.0,44.0
1754586899,card7,45.0,39.0
1754586899,
1754586904,card0,53.0,47.0
1754586904,card1,48.0,39.0
1754586904,card2,47.0,41.0
1754586904,card3,52.0,44.0
1754586904,card4,49.0,43.0
1754586904,card5,46.0,39.0
1754586904,card6,50.0,44.0
1754586904,card7,45.0,39.0
1754586904,
1754586909,card0,53.0,46.0
1754586909,card1,48.0,39.0
1754586909,card2,47.0,41.0
1754586909,card3,52.0,44.0
1754586909,card4,49.0,43.0
1754586909,card5,46.0,39.0
1754586909,card6,50.0,44.0
1754586909,card7,45.0,39.0
1754586909,
1754586914,card0,61.0,65.0
1754586914,card1,48.0,39.0
1754586914,card2,47.0,41.0
1754586914,card3,52.0,44.0
1754586914,card4,49.0,43.0
1754586914,card5,46.0,39.0
1754586914,card6,50.0,44.0
1754586914,card7,45.0,39.0
1754586914,
1754586919,card0,62.0,66.0
1754586919,card1,48.0,39.0
1754586919,card2,47.0,41.0
1754586919,card3,52.0,45.0
1754586919,card4,49.0,44.0
1754586919,card5,46.0,39.0
1754586919,card6,50.0,44.0
1754586919,card7,45.0,39.0
1754586919,
1754586924,card0,61.0,53.0
1754586924,card1,48.0,39.0
1754586924,card2,47.0,41.0
1754586924,card3,52.0,45.0
1754586924,card4,49.0,44.0
1754586924,card5,46.0,40.0
1754586924,card6,50.0,44.0
1754586924,card7,45.0,39.0
1754586924,
1754586930,card0,57.0,50.0
1754586930,card1,48.0,39.0
1754586930,card2,47.0,41.0
1754586930,card3,52.0,45.0
1754586930,card4,49.0,43.0
1754586930,card5,46.0,39.0
1754586930,card6,50.0,44.0
1754586930,card7,45.0,39.0
1754586930,
1754586935,card0,56.0,50.0
1754586935,card1,48.0,39.0
1754586935,card2,47.0,41.0
1754586935,card3,52.0,44.0
1754586935,card4,49.0,43.0
1754586935,card5,46.0,39.0
1754586935,card6,50.0,44.0
1754586935,card7,45.0,39.0
1754586935,
1754586940,card0,54.0,48.0
1754586940,card1,47.0,39.0
1754586940,card2,47.0,41.0
1754586940,card3,52.0,44.0
1754586940,card4,49.0,43.0
1754586940,card5,46.0,39.0
1754586940,card6,50.0,44.0
1754586940,card7,45.0,38.0
1754586940,
1754586945,card0,53.0,47.0
1754586945,card1,47.0,38.0
1754586945,card2,47.0,41.0
1754586945,card3,51.0,44.0
1754586945,card4,49.0,42.0
1754586945,card5,46.0,39.0
1754586945,card6,49.0,43.0
1754586945,card7,45.0,38.0
1754586945,
1754586950,card0,53.0,46.0
1754586950,card1,47.0,38.0
1754586950,card2,47.0,41.0
1754586950,card3,51.0,44.0
1754586950,card4,49.0,42.0
1754586950,card5,46.0,39.0
1754586950,card6,49.0,43.0
1754586950,card7,45.0,38.0
1754586950,
1754586955,card0,52.0,46.0
1754586955,card1,47.0,38.0
1754586955,card2,47.0,41.0
1754586955,card3,51.0,44.0
1754586955,card4,49.0,43.0
1754586955,card5,46.0,39.0
1754586955,card6,49.0,43.0
1754586955,card7,45.0,39.0
1754586955,
1754586961,card0,52.0,46.0
1754586961,card1,47.0,39.0
1754586961,card2,47.0,41.0
1754586961,card3,51.0,44.0
1754586961,card4,49.0,43.0
1754586961,card5,46.0,39.0
1754586961,card6,49.0,43.0
1754586961,card7,45.0,38.0
1754586961,
1754586966,card0,52.0,45.0
1754586966,card1,47.0,39.0
1754586966,card2,47.0,41.0
1754586966,card3,52.0,44.0
1754586966,card4,49.0,43.0
1754586966,card5,46.0,39.0
1754586966,card6,49.0,43.0
1754586966,card7,45.0,39.0
1754586966,
1754586971,card0,52.0,45.0
1754586971,card1,47.0,39.0
1754586971,card2,47.0,41.0
1754586971,card3,52.0,43.0
1754586971,card4,49.0,43.0
1754586971,card5,46.0,39.0
1754586971,card6,49.0,43.0
1754586971,card7,45.0,39.0
1754586971,
1754586976,card0,52.0,45.0
1754586976,card1,48.0,39.0
1754586976,card2,47.0,41.0
1754586976,card3,52.0,44.0
1754586976,card4,49.0,43.0
1754586976,card5,46.0,39.0
1754586976,card6,49.0,43.0
1754586976,card7,45.0,39.0
1754586976,
1754586981,card0,52.0,45.0
1754586981,card1,48.0,39.0
1754586981,card2,47.0,41.0
1754586981,card3,52.0,44.0
1754586981,card4,49.0,43.0
1754586981,card5,46.0,39.0
1754586981,card6,49.0,43.0
1754586981,card7,45.0,39.0
1754586981,
1754586986,card0,52.0,45.0
1754586986,card1,48.0,39.0
1754586986,card2,47.0,41.0
1754586986,card3,52.0,44.0
1754586986,card4,49.0,42.0
1754586986,card5,46.0,39.0
1754586986,card6,50.0,43.0
1754586986,card7,45.0,39.0
1754586986,
1754586991,card0,52.0,45.0
1754586991,card1,48.0,39.0
1754586991,card2,47.0,41.0
1754586991,card3,52.0,44.0
1754586991,card4,49.0,43.0
1754586991,card5,46.0,39.0
1754586991,card6,50.0,43.0
1754586991,card7,45.0,39.0
1754586991,
1754586997,card0,52.0,45.0
1754586997,card1,48.0,39.0
1754586997,card2,47.0,41.0
1754586997,card3,52.0,44.0
1754586997,card4,49.0,43.0
1754586997,card5,46.0,39.0
1754586997,card6,50.0,44.0
1754586997,card7,45.0,39.0
1754586997,
1754587002,card0,52.0,45.0
1754587002,card1,48.0,39.0
1754587002,card2,47.0,41.0
1754587002,card3,52.0,44.0
1754587002,card4,49.0,43.0
1754587002,card5,46.0,39.0
1754587002,card6,50.0,44.0
1754587002,card7,45.0,39.0
1754587002,
1754587007,card0,52.0,45.0
1754587007,card1,48.0,39.0
1754587007,card2,47.0,41.0
1754587007,card3,52.0,44.0
1754587007,card4,49.0,43.0
1754587007,card5,46.0,39.0
1754587007,card6,50.0,44.0
1754587007,card7,45.0,39.0
1754587007,
1754587012,card0,52.0,45.0
1754587012,card1,48.0,39.0
1754587012,card2,47.0,41.0
1754587012,card3,52.0,45.0
1754587012,card4,49.0,43.0
1754587012,card5,46.0,39.0
1754587012,card6,50.0,44.0
1754587012,card7,45.0,39.0
1754587012,
1754587017,card0,53.0,45.0
1754587017,card1,48.0,39.0
1754587017,card2,47.0,41.0
1754587017,card3,52.0,44.0
1754587017,card4,49.0,44.0
1754587017,card5,46.0,39.0
1754587017,card6,50.0,44.0
1754587017,card7,45.0,39.0
1754587017,
1754587022,card0,53.0,45.0
1754587022,card1,48.0,39.0
1754587022,card2,47.0,41.0
1754587022,card3,52.0,44.0
1754587022,card4,49.0,43.0
1754587022,card5,46.0,39.0
1754587022,card6,50.0,44.0
1754587022,card7,45.0,39.0
1754587022,
1754587027,card0,65.0,52.0
1754587027,card1,48.0,39.0
1754587027,card2,47.0,41.0
1754587027,card3,52.0,44.0
1754587027,card4,49.0,43.0
1754587027,card5,46.0,39.0
1754587027,card6,50.0,44.0
1754587027,card7,45.0,39.0
1754587027,
1754587033,card0,55.0,48.0
1754587033,card1,48.0,39.0
1754587033,card2,47.0,41.0
1754587033,card3,52.0,44.0
1754587033,card4,49.0,43.0
1754587033,card5,46.0,39.0
1754587033,card6,50.0,44.0
1754587033,card7,45.0,39.0
1754587033,
1754587038,card0,54.0,47.0
1754587038,card1,48.0,39.0
1754587038,card2,47.0,41.0
1754587038,card3,52.0,45.0
1754587038,card4,49.0,43.0
1754587038,card5,46.0,39.0
1754587038,card6,50.0,44.0
1754587038,card7,45.0,39.0
1754587038,
1754587043,card0,53.0,46.0
1754587043,card1,48.0,39.0
1754587043,card2,47.0,41.0
1754587043,card3,52.0,46.0
1754587043,card4,49.0,44.0
1754587043,card5,46.0,39.0
1754587043,card6,50.0,44.0
1754587043,card7,45.0,39.0
1754587043,
1754587048,card0,53.0,46.0
1754587048,card1,48.0,39.0
1754587048,card2,47.0,41.0
1754587048,card3,52.0,45.0
1754587048,card4,49.0,44.0
1754587048,card5,46.0,40.0
1754587048,card6,50.0,44.0
1754587048,card7,45.0,39.0
1754587048,
1754587053,card0,53.0,46.0
1754587053,card1,48.0,39.0
1754587053,card2,47.0,41.0
1754587053,card3,52.0,44.0
1754587053,card4,49.0,43.0
1754587053,card5,46.0,39.0
1754587053,card6,50.0,44.0
1754587053,card7,45.0,39.0
1754587053,
1754587058,card0,52.0,45.0
1754587058,card1,48.0,39.0
1754587058,card2,47.0,41.0
1754587058,card3,52.0,44.0
1754587058,card4,49.0,43.0
1754587058,card5,46.0,39.0
1754587058,card6,50.0,43.0
1754587058,card7,45.0,39.0
1754587058,
1754587063,card0,53.0,46.0
1754587063,card1,48.0,39.0
1754587063,card2,47.0,41.0
1754587063,card3,52.0,44.0
1754587063,card4,49.0,43.0
1754587063,card5,46.0,39.0
1754587063,card6,50.0,43.0
1754587063,card7,45.0,39.0
1754587063,
1754587068,card0,53.0,46.0
1754587068,card1,48.0,39.0
1754587068,card2,47.0,41.0
1754587068,card3,52.0,44.0
1754587068,card4,49.0,43.0
1754587068,card5,46.0,40.0
1754587068,card6,50.0,44.0
1754587068,card7,45.0,39.0
1754587068,
1754587074,card0,60.0,65.0
1754587074,card1,48.0,39.0
1754587074,card2,47.0,41.0
1754587074,card3,52.0,44.0
1754587074,card4,49.0,43.0
1754587074,card5,46.0,39.0
1754587074,card6,50.0,43.0
1754587074,card7,45.0,39.0
1754587074,
1754587079,card0,62.0,66.0
1754587079,card1,48.0,39.0
1754587079,card2,47.0,41.0
1754587079,card3,52.0,44.0
1754587079,card4,49.0,43.0
1754587079,card5,46.0,39.0
1754587079,card6,50.0,43.0
1754587079,card7,45.0,39.0
1754587079,
1754587084,card0,63.0,67.0
1754587084,card1,48.0,39.0
1754587084,card2,47.0,41.0
1754587084,card3,52.0,44.0
1754587084,card4,49.0,43.0
1754587084,card5,46.0,39.0
1754587084,card6,50.0,44.0
1754587084,card7,45.0,39.0
1754587084,
1754587089,card0,64.0,68.0
1754587089,card1,48.0,39.0
1754587089,card2,47.0,41.0
1754587089,card3,52.0,45.0
1754587089,card4,49.0,43.0
1754587089,card5,46.0,40.0
1754587089,card6,50.0,44.0
1754587089,card7,45.0,39.0
1754587089,
1754587094,card0,65.0,69.0
1754587094,card1,47.0,39.0
1754587094,card2,47.0,41.0
1754587094,card3,52.0,44.0
1754587094,card4,49.0,43.0
1754587094,card5,46.0,39.0
1754587094,card6,49.0,44.0
1754587094,card7,45.0,39.0
1754587094,
1754587099,card0,65.0,69.0
1754587099,card1,47.0,39.0
1754587099,card2,47.0,41.0
1754587099,card3,51.0,43.0
1754587099,card4,49.0,43.0
1754587099,card5,46.0,39.0
1754587099,card6,49.0,43.0
1754587099,card7,45.0,38.0
1754587099,
1754587104,card0,65.0,59.0
1754587104,card1,47.0,38.0
1754587104,card2,47.0,40.0
1754587104,card3,51.0,43.0
1754587104,card4,48.0,42.0
1754587104,card5,46.0,39.0
1754587104,card6,49.0,43.0
1754587104,card7,45.0,38.0
1754587104,
1754587110,card0,65.0,70.0
1754587110,card1,47.0,38.0
1754587110,card2,46.0,40.0
1754587110,card3,51.0,42.0
1754587110,card4,48.0,42.0
1754587110,card5,45.0,38.0
1754587110,card6,48.0,43.0
1754587110,card7,44.0,38.0
1754587110,
1754587115,card0,64.0,70.0
1754587115,card1,47.0,38.0
1754587115,card2,46.0,40.0
1754587115,card3,50.0,42.0
1754587115,card4,48.0,41.0
1754587115,card5,45.0,38.0
1754587115,card6,48.0,42.0
1754587115,card7,44.0,38.0
1754587115,
1754587120,card0,64.0,68.0
1754587120,card1,46.0,38.0
1754587120,card2,46.0,40.0
1754587120,card3,50.0,42.0
1754587120,card4,47.0,41.0
1754587120,card5,45.0,38.0
1754587120,card6,48.0,42.0
1754587120,card7,44.0,37.0
1754587120,
1754587125,card0,64.0,70.0
1754587125,card1,46.0,38.0
1754587125,card2,46.0,40.0
1754587125,card3,50.0,41.0
1754587125,card4,47.0,41.0
1754587125,card5,45.0,38.0
1754587125,card6,47.0,42.0
1754587125,card7,44.0,37.0
1754587125,
1754587130,card0,64.0,70.0
1754587130,card1,46.0,37.0
1754587130,card2,45.0,39.0
1754587130,card3,49.0,41.0
1754587130,card4,47.0,41.0
1754587130,card5,45.0,38.0
1754587130,card6,47.0,41.0
1754587130,card7,44.0,38.0
1754587130,
1754587135,card0,63.0,69.0
1754587135,card1,46.0,37.0
1754587135,card2,45.0,39.0
1754587135,card3,49.0,41.0
1754587135,card4,46.0,40.0
1754587135,card5,44.0,38.0
1754587135,card6,47.0,41.0
1754587135,card7,43.0,37.0
1754587135,
1754587140,card0,63.0,69.0
1754587140,card1,46.0,37.0
1754587140,card2,45.0,39.0
1754587140,card3,49.0,41.0
1754587140,card4,46.0,40.0
1754587140,card5,44.0,38.0
1754587140,card6,47.0,41.0
1754587140,card7,43.0,37.0
1754587140,
1754587145,card0,63.0,69.0
1754587145,card1,46.0,37.0
1754587145,card2,45.0,39.0
1754587145,card3,49.0,41.0
1754587145,card4,46.0,40.0
1754587145,card5,44.0,38.0
1754587145,card6,47.0,41.0
1754587145,card7,43.0,37.0
1754587145,
1754587151,card0,64.0,69.0
1754587151,card1,46.0,37.0
1754587151,card2,45.0,39.0
1754587151,card3,49.0,41.0
1754587151,card4,46.0,40.0
1754587151,card5,44.0,37.0
1754587151,card6,47.0,41.0
1754587151,card7,43.0,37.0
1754587151,
1754587156,card0,64.0,69.0
1754587156,card1,46.0,37.0
1754587156,card2,45.0,39.0
1754587156,card3,49.0,40.0
1754587156,card4,46.0,40.0
1754587156,card5,44.0,38.0
1754587156,card6,47.0,41.0
1754587156,card7,43.0,37.0
1754587156,
1754587161,card0,64.0,70.0
1754587161,card1,46.0,37.0
1754587161,card2,45.0,39.0
1754587161,card3,49.0,41.0
1754587161,card4,46.0,40.0
1754587161,card5,44.0,38.0
1754587161,card6,46.0,41.0
1754587161,card7,43.0,37.0
1754587161,
1754587166,card0,65.0,70.0
1754587166,card1,46.0,37.0
1754587166,card2,45.0,39.0
1754587166,card3,49.0,41.0
1754587166,card4,46.0,40.0
1754587166,card5,44.0,38.0
1754587166,card6,46.0,41.0
1754587166,card7,43.0,37.0
1754587166,
1754587171,card0,65.0,70.0
1754587171,card1,46.0,37.0
1754587171,card2,45.0,39.0
1754587171,card3,49.0,41.0
1754587171,card4,46.0,40.0
1754587171,card5,44.0,38.0
1754587171,card6,46.0,42.0
1754587171,card7,43.0,37.0
1754587171,
1754587176,card0,65.0,70.0
1754587176,card1,46.0,37.0
1754587176,card2,45.0,39.0
1754587176,card3,49.0,41.0
1754587176,card4,46.0,40.0
1754587176,card5,44.0,38.0
1754587176,card6,47.0,41.0
1754587176,card7,44.0,37.0
1754587176,
1754587181,card0,58.0,52.0
1754587181,card1,46.0,37.0
1754587181,card2,45.0,39.0
1754587181,card3,49.0,41.0
1754587181,card4,46.0,40.0
1754587181,card5,45.0,37.0
1754587181,card6,47.0,41.0
1754587181,card7,44.0,38.0
1754587181,
1754587187,card0,57.0,51.0
1754587187,card1,46.0,37.0
1754587187,card2,46.0,39.0
1754587187,card3,49.0,41.0
1754587187,card4,46.0,40.0
1754587187,card5,45.0,38.0
1754587187,card6,47.0,41.0
1754587187,card7,44.0,37.0
1754587187,
1754587192,card0,55.0,48.0
1754587192,card1,46.0,38.0
1754587192,card2,46.0,40.0
1754587192,card3,49.0,41.0
1754587192,card4,46.0,40.0
1754587192,card5,45.0,38.0
1754587192,card6,47.0,41.0
1754587192,card7,44.0,37.0
1754587192,
1754587197,card0,54.0,47.0
1754587197,card1,46.0,37.0
1754587197,card2,46.0,39.0
1754587197,card3,49.0,41.0
1754587197,card4,46.0,40.0
1754587197,card5,45.0,38.0
1754587197,card6,47.0,41.0
1754587197,card7,44.0,37.0
1754587197,
1754587202,card0,53.0,47.0
1754587202,card1,46.0,38.0
1754587202,card2,46.0,40.0
1754587202,card3,49.0,41.0
1754587202,card4,47.0,40.0
1754587202,card5,45.0,38.0
1754587202,card6,47.0,42.0
1754587202,card7,44.0,37.0
1754587202,
1754587207,card0,53.0,46.0
1754587207,card1,46.0,38.0
1754587207,card2,46.0,40.0
1754587207,card3,49.0,41.0
1754587207,card4,47.0,41.0
1754587207,card5,45.0,38.0
1754587207,card6,47.0,41.0
1754587207,card7,44.0,38.0
1754587207,
1754587212,card0,53.0,46.0
1754587212,card1,47.0,38.0
1754587212,card2,46.0,40.0
1754587212,card3,50.0,42.0
1754587212,card4,47.0,41.0
1754587212,card5,45.0,38.0
1754587212,card6,47.0,42.0
1754587212,card7,44.0,38.0
1754587212,
1754587217,card0,52.0,46.0
1754587217,card1,47.0,38.0
1754587217,card2,46.0,40.0
1754587217,card3,50.0,42.0
1754587217,card4,47.0,41.0
1754587217,card5,45.0,39.0
1754587217,card6,47.0,42.0
1754587217,card7,44.0,38.0
1754587217,
1754587223,card0,52.0,46.0
1754587223,card1,47.0,38.0
1754587223,card2,46.0,40.0
1754587223,card3,50.0,42.0
1754587223,card4,47.0,41.0
1754587223,card5,45.0,38.0
1754587223,card6,48.0,43.0
1754587223,card7,44.0,38.0
1754587223,
1754587228,card0,52.0,45.0
1754587228,card1,47.0,38.0
1754587228,card2,46.0,40.0
1754587228,card3,50.0,42.0
1754587228,card4,48.0,41.0
1754587228,card5,45.0,38.0
1754587228,card6,48.0,42.0
1754587228,card7,44.0,38.0
1754587228,
1754587233,card0,52.0,45.0
1754587233,card1,47.0,38.0
1754587233,card2,46.0,40.0
1754587233,card3,50.0,42.0
1754587233,card4,48.0,42.0
1754587233,card5,45.0,38.0
1754587233,card6,48.0,42.0
1754587233,card7,44.0,38.0
1754587233,
1754587238,card0,52.0,45.0
1754587238,card1,47.0,38.0
1754587238,card2,47.0,40.0
1754587238,card3,51.0,42.0
1754587238,card4,48.0,42.0
1754587238,card5,46.0,39.0
1754587238,card6,48.0,42.0
1754587238,card7,45.0,38.0
1754587238,
1754587243,card0,52.0,45.0
1754587243,card1,47.0,38.0
1754587243,card2,47.0,40.0
1754587243,card3,51.0,42.0
1754587243,card4,48.0,42.0
1754587243,card5,46.0,38.0
1754587243,card6,48.0,43.0
1754587243,card7,45.0,38.0
1754587243,
1754587248,card0,52.0,45.0
1754587248,card1,47.0,38.0
1754587248,card2,47.0,40.0
1754587248,card3,51.0,42.0
1754587248,card4,48.0,42.0
1754587248,card5,46.0,38.0
1754587248,card6,48.0,43.0
1754587248,card7,45.0,39.0
1754587248,
1754587253,card0,52.0,46.0
1754587253,card1,47.0,38.0
1754587253,card2,47.0,41.0
1754587253,card3,51.0,43.0
1754587253,card4,48.0,42.0
1754587253,card5,46.0,39.0
1754587253,card6,48.0,43.0
1754587253,card7,45.0,39.0
1754587253,
1754587259,card0,52.0,45.0
1754587259,card1,47.0,39.0
1754587259,card2,47.0,40.0
1754587259,card3,51.0,43.0
1754587259,card4,48.0,42.0
1754587259,card5,46.0,39.0
1754587259,card6,49.0,43.0
1754587259,card7,45.0,39.0
1754587259,
1754587264,card0,52.0,45.0
1754587264,card1,47.0,39.0
1754587264,card2,47.0,41.0
1754587264,card3,51.0,43.0
1754587264,card4,48.0,42.0
1754587264,card5,46.0,39.0
1754587264,card6,49.0,43.0
1754587264,card7,45.0,38.0
1754587264,
1754587269,card0,52.0,45.0
1754587269,card1,47.0,38.0
1754587269,card2,47.0,41.0
1754587269,card3,51.0,43.0
1754587269,card4,48.0,42.0
1754587269,card5,46.0,39.0
1754587269,card6,49.0,43.0
1754587269,card7,45.0,39.0
1754587269,
1754587274,card0,53.0,46.0
1754587274,card1,47.0,39.0
1754587274,card2,47.0,41.0
1754587274,card3,51.0,43.0
1754587274,card4,48.0,42.0
1754587274,card5,46.0,39.0
1754587274,card6,49.0,43.0
1754587274,card7,45.0,39.0
1754587274,
1754587279,card0,58.0,51.0
1754587279,card1,47.0,39.0
1754587279,card2,47.0,41.0
1754587279,card3,51.0,43.0
1754587279,card4,49.0,42.0
1754587279,card5,46.0,39.0
1754587279,card6,49.0,43.0
1754587279,card7,45.0,39.0
1754587279,
1754587284,card0,56.0,48.0
1754587284,card1,47.0,39.0
1754587284,card2,47.0,41.0
1754587284,card3,52.0,43.0
1754587284,card4,49.0,43.0
1754587284,card5,46.0,39.0
1754587284,card6,49.0,43.0
1754587284,card7,45.0,39.0
1754587284,
1754587289,card0,54.0,47.0
1754587289,card1,47.0,39.0
1754587289,card2,47.0,41.0
1754587289,card3,52.0,44.0
1754587289,card4,49.0,43.0
1754587289,card5,46.0,39.0
1754587289,card6,49.0,43.0
1754587289,card7,45.0,39.0
1754587289,
1754587294,card0,53.0,47.0
1754587294,card1,48.0,39.0
1754587294,card2,47.0,41.0
1754587294,card3,52.0,43.0
1754587294,card4,49.0,43.0
1754587294,card5,46.0,39.0
1754587294,card6,49.0,43.0
1754587294,card7,45.0,39.0
1754587294,
1754587300,card0,53.0,46.0
1754587300,card1,48.0,39.0
1754587300,card2,47.0,41.0
1754587300,card3,52.0,44.0
1754587300,card4,49.0,43.0
1754587300,card5,46.0,39.0
1754587300,card6,49.0,43.0
1754587300,card7,45.0,39.0
1754587300,
1754587305,card0,53.0,46.0
1754587305,card1,47.0,39.0
1754587305,card2,47.0,41.0
1754587305,card3,51.0,43.0
1754587305,card4,49.0,42.0
1754587305,card5,46.0,38.0
1754587305,card6,49.0,43.0
1754587305,card7,45.0,39.0
1754587305,
1754587310,card0,52.0,45.0
1754587310,card1,47.0,38.0
1754587310,card2,46.0,40.0
1754587310,card3,51.0,43.0
1754587310,card4,48.0,42.0
1754587310,card5,45.0,38.0
1754587310,card6,49.0,43.0
1754587310,card7,44.0,38.0
1754587310,
1754587315,card0,52.0,46.0
1754587315,card1,47.0,38.0
1754587315,card2,46.0,40.0
1754587315,card3,51.0,43.0
1754587315,card4,48.0,42.0
1754587315,card5,45.0,39.0
1754587315,card6,49.0,43.0
1754587315,card7,44.0,38.0
1754587315,
1754587320,card0,52.0,46.0
1754587320,card1,47.0,38.0
1754587320,card2,47.0,40.0
1754587320,card3,51.0,43.0
1754587320,card4,48.0,42.0
1754587320,card5,45.0,39.0
1754587320,card6,49.0,43.0
1754587320,card7,45.0,38.0
1754587320,
1754587325,card0,57.0,63.0
1754587325,card1,47.0,38.0
1754587325,card2,47.0,40.0
1754587325,card3,51.0,43.0
1754587325,card4,48.0,42.0
1754587325,card5,46.0,38.0
1754587325,card6,49.0,43.0
1754587325,card7,45.0,38.0
1754587325,
1754587330,card0,60.0,63.0
1754587330,card1,47.0,39.0
1754587330,card2,47.0,40.0
1754587330,card3,51.0,43.0
1754587330,card4,48.0,42.0
1754587330,card5,46.0,39.0
1754587330,card6,49.0,43.0
1754587330,card7,45.0,38.0
1754587330,
1754587336,card0,62.0,66.0
1754587336,card1,47.0,39.0
1754587336,card2,47.0,41.0
1754587336,card3,51.0,43.0
1754587336,card4,48.0,42.0
1754587336,card5,46.0,39.0
1754587336,card6,49.0,43.0
1754587336,card7,45.0,39.0
1754587336,
1754587341,card0,63.0,68.0
1754587341,card1,47.0,38.0
1754587341,card2,47.0,41.0
1754587341,card3,51.0,43.0
1754587341,card4,48.0,42.0
1754587341,card5,46.0,39.0
1754587341,card6,49.0,43.0
1754587341,card7,45.0,38.0
1754587341,
1754587346,card0,64.0,68.0
1754587346,card1,47.0,38.0
1754587346,card2,47.0,40.0
1754587346,card3,51.0,43.0
1754587346,card4,48.0,42.0
1754587346,card5,46.0,38.0
1754587346,card6,49.0,43.0
1754587346,card7,45.0,38.0
1754587346,
1754587351,card0,64.0,69.0
1754587351,card1,47.0,38.0
1754587351,card2,46.0,40.0
1754587351,card3,51.0,43.0
1754587351,card4,48.0,42.0
1754587351,card5,45.0,38.0
1754587351,card6,49.0,43.0
1754587351,card7,44.0,38.0
1754587351,
1754587356,card0,64.0,69.0
1754587356,card1,47.0,38.0
1754587356,card2,46.0,40.0
1754587356,card3,51.0,42.0
1754587356,card4,48.0,42.0
1754587356,card5,45.0,38.0
1754587356,card6,48.0,42.0
1754587356,card7,44.0,38.0
1754587356,
1754587361,card0,64.0,69.0
1754587361,card1,46.0,38.0
1754587361,card2,46.0,40.0
1754587361,card3,50.0,42.0
1754587361,card4,47.0,41.0
1754587361,card5,45.0,38.0
1754587361,card6,48.0,42.0
1754587361,card7,44.0,38.0
1754587361,
1754587366,card0,64.0,68.0
1754587366,card1,46.0,38.0
1754587366,card2,46.0,40.0
1754587366,card3,50.0,42.0
1754587366,card4,47.0,41.0
1754587366,card5,45.0,38.0
1754587366,card6,47.0,42.0
1754587366,card7,44.0,38.0
1754587366,
1754587371,card0,63.0,68.0
1754587371,card1,46.0,37.0
1754587371,card2,46.0,39.0
1754587371,card3,49.0,41.0
1754587371,card4,47.0,41.0
1754587371,card5,44.0,38.0
1754587371,card6,47.0,42.0
1754587371,card7,44.0,37.0
1754587371,
1754587377,card0,63.0,68.0
1754587377,card1,46.0,37.0
1754587377,card2,45.0,39.0
1754587377,card3,49.0,41.0
1754587377,card4,46.0,40.0
1754587377,card5,44.0,37.0
1754587377,card6,47.0,41.0
1754587377,card7,43.0,37.0
1754587377,
1754587382,card0,63.0,68.0
1754587382,card1,46.0,37.0
1754587382,card2,45.0,39.0
1754587382,card3,49.0,41.0
1754587382,card4,46.0,40.0
1754587382,card5,44.0,38.0
1754587382,card6,46.0,41.0
1754587382,card7,43.0,37.0
1754587382,
1754587387,card0,63.0,68.0
1754587387,card1,46.0,37.0
1754587387,card2,45.0,39.0
1754587387,card3,49.0,41.0
1754587387,card4,46.0,40.0
1754587387,card5,44.0,38.0
1754587387,card6,46.0,41.0
1754587387,card7,43.0,37.0
1754587387,
1754587392,card0,63.0,68.0
1754587392,card1,46.0,37.0
1754587392,card2,45.0,39.0
1754587392,card3,49.0,41.0
1754587392,card4,46.0,40.0
1754587392,card5,44.0,37.0
1754587392,card6,46.0,41.0
1754587392,card7,43.0,37.0
1754587392,
1754587397,card0,63.0,68.0
1754587397,card1,46.0,37.0
1754587397,card2,45.0,39.0
1754587397,card3,48.0,40.0
1754587397,card4,46.0,40.0
1754587397,card5,44.0,37.0
1754587397,card6,46.0,41.0
1754587397,card7,43.0,37.0
1754587397,
1754587402,card0,63.0,68.0
1754587402,card1,46.0,37.0
1754587402,card2,45.0,39.0
1754587402,card3,48.0,41.0
1754587402,card4,46.0,40.0
1754587402,card5,44.0,37.0
1754587402,card6,46.0,41.0
1754587402,card7,43.0,37.0
1754587402,
1754587407,card0,64.0,69.0
1754587407,card1,46.0,37.0
1754587407,card2,45.0,39.0
1754587407,card3,48.0,40.0
1754587407,card4,46.0,40.0
1754587407,card5,44.0,37.0
1754587407,card6,46.0,41.0
1754587407,card7,43.0,37.0
1754587407,
1754587413,card0,64.0,69.0
1754587413,card1,46.0,37.0
1754587413,card2,45.0,39.0
1754587413,card3,48.0,40.0
1754587413,card4,46.0,40.0
1754587413,card5,44.0,38.0
1754587413,card6,46.0,40.0
1754587413,card7,43.0,37.0
1754587413,
1754587418,card0,64.0,69.0
1754587418,card1,46.0,37.0
1754587418,card2,45.0,39.0
1754587418,card3,48.0,40.0
1754587418,card4,46.0,40.0
1754587418,card5,44.0,38.0
1754587418,card6,46.0,40.0
1754587418,card7,43.0,37.0
1754587418,
1754587423,card0,64.0,70.0
1754587423,card1,46.0,37.0
1754587423,card2,45.0,39.0
1754587423,card3,49.0,40.0
1754587423,card4,46.0,40.0
1754587423,card5,44.0,38.0
1754587423,card6,46.0,41.0
1754587423,card7,43.0,37.0
1754587423,
1754587428,card0,65.0,70.0
1754587428,card1,46.0,37.0
1754587428,card2,45.0,39.0
1754587428,card3,49.0,40.0
1754587428,card4,46.0,40.0
1754587428,card5,44.0,38.0
1754587428,card6,46.0,41.0
1754587428,card7,43.0,37.0
1754587428,
1754587433,card0,59.0,52.0
1754587433,card1,46.0,37.0
1754587433,card2,45.0,39.0
1754587433,card3,49.0,40.0
1754587433,card4,46.0,40.0
1754587433,card5,44.0,37.0
1754587433,card6,46.0,41.0
1754587433,card7,43.0,37.0
1754587433,
1754587438,card0,57.0,51.0
1754587438,card1,46.0,37.0
1754587438,card2,45.0,39.0
1754587438,card3,49.0,41.0
1754587438,card4,46.0,40.0
1754587438,card5,44.0,38.0
1754587438,card6,46.0,41.0
1754587438,card7,43.0,37.0
1754587438,
1754587443,card0,56.0,50.0
1754587443,card1,46.0,37.0
1754587443,card2,45.0,39.0
1754587443,card3,49.0,41.0
1754587443,card4,46.0,40.0
1754587443,card5,44.0,37.0
1754587443,card6,46.0,41.0
1754587443,card7,43.0,37.0
1754587443,
1754587449,card0,54.0,48.0
1754587449,card1,46.0,37.0
1754587449,card2,45.0,39.0
1754587449,card3,49.0,41.0
1754587449,card4,46.0,40.0
1754587449,card5,44.0,38.0
1754587449,card6,46.0,41.0
1754587449,card7,44.0,37.0
1754587449,
1754587454,card0,53.0,47.0
1754587454,card1,46.0,37.0
1754587454,card2,45.0,39.0
1754587454,card3,49.0,41.0
1754587454,card4,46.0,40.0
1754587454,card5,45.0,38.0
1754587454,card6,46.0,41.0
1754587454,card7,44.0,37.0
1754587454,
1754587459,card0,53.0,46.0
1754587459,card1,46.0,37.0
1754587459,card2,46.0,40.0
1754587459,card3,49.0,41.0
1754587459,card4,46.0,40.0
1754587459,card5,45.0,38.0
1754587459,card6,47.0,41.0
1754587459,card7,44.0,38.0
1754587459,
1754587464,card0,53.0,46.0
1754587464,card1,46.0,38.0
1754587464,card2,46.0,40.0
1754587464,card3,49.0,41.0
1754587464,card4,47.0,41.0
1754587464,card5,45.0,38.0
1754587464,card6,47.0,41.0
1754587464,card7,44.0,38.0
1754587464,
1754587469,card0,52.0,46.0
1754587469,card1,47.0,38.0
1754587469,card2,46.0,40.0
1754587469,card3,50.0,42.0
1754587469,card4,47.0,41.0
1754587469,card5,45.0,38.0
1754587469,card6,47.0,41.0
1754587469,card7,44.0,38.0
1754587469,
1754587474,card0,52.0,46.0
1754587474,card1,47.0,38.0
1754587474,card2,46.0,40.0
1754587474,card3,50.0,42.0
1754587474,card4,47.0,41.0
1754587474,card5,45.0,38.0
1754587474,card6,47.0,41.0
1754587474,card7,44.0,38.0
1754587474,
1754587479,card0,52.0,45.0
1754587479,card1,47.0,38.0
1754587479,card2,46.0,40.0
1754587479,card3,50.0,42.0
1754587479,card4,47.0,41.0
1754587479,card5,45.0,39.0
1754587479,card6,47.0,42.0
1754587479,card7,44.0,38.0
1754587479,
1754587484,card0,52.0,45.0
1754587484,card1,47.0,38.0
1754587484,card2,46.0,40.0
1754587484,card3,50.0,42.0
1754587484,card4,47.0,41.0
1754587484,card5,45.0,38.0
1754587484,card6,48.0,42.0
1754587484,card7,44.0,38.0
1754587484,
1754587490,card0,52.0,45.0
1754587490,card1,47.0,38.0
1754587490,card2,46.0,40.0
1754587490,card3,50.0,42.0
1754587490,card4,48.0,41.0
1754587490,card5,45.0,39.0
1754587490,card6,48.0,42.0
1754587490,card7,44.0,38.0
1754587490,
1754587495,card0,52.0,45.0
1754587495,card1,47.0,39.0
1754587495,card2,46.0,40.0
1754587495,card3,50.0,42.0
1754587495,card4,48.0,41.0
1754587495,card5,45.0,38.0
1754587495,card6,48.0,42.0
1754587495,card7,44.0,38.0
1754587495,
1754587500,card0,52.0,45.0
1754587500,card1,47.0,38.0
1754587500,card2,47.0,40.0
1754587500,card3,51.0,42.0
1754587500,card4,48.0,42.0
1754587500,card5,45.0,39.0
1754587500,card6,48.0,43.0
1754587500,card7,45.0,38.0
1754587500,
1754587505,card0,52.0,45.0
1754587505,card1,47.0,38.0
1754587505,card2,47.0,40.0
1754587505,card3,51.0,43.0
1754587505,card4,48.0,42.0
1754587505,card5,46.0,39.0
1754587505,card6,48.0,43.0
1754587505,card7,45.0,38.0
1754587505,
1754587510,card0,52.0,45.0
1754587510,card1,47.0,38.0
1754587510,card2,47.0,40.0
1754587510,card3,51.0,43.0
1754587510,card4,48.0,42.0
1754587510,card5,46.0,39.0
1754587510,card6,48.0,43.0
1754587510,card7,45.0,39.0
1754587510,
1754587515,card0,52.0,45.0
1754587515,card1,47.0,39.0
1754587515,card2,47.0,40.0
1754587515,card3,51.0,43.0
1754587515,card4,48.0,42.0
1754587515,card5,46.0,39.0
1754587515,card6,48.0,43.0
1754587515,card7,45.0,39.0
1754587515,
1754587520,card0,52.0,45.0
1754587520,card1,47.0,39.0
1754587520,card2,47.0,40.0
1754587520,card3,51.0,43.0
1754587520,card4,48.0,42.0
1754587520,card5,46.0,39.0
1754587520,card6,49.0,43.0
1754587520,card7,45.0,39.0
1754587520,
1754587526,card0,52.0,45.0
1754587526,card1,47.0,38.0
1754587526,card2,47.0,41.0
1754587526,card3,51.0,43.0
1754587526,card4,48.0,42.0
1754587526,card5,46.0,39.0
1754587526,card6,49.0,43.0
1754587526,card7,45.0,39.0
1754587526,
1754587531,card0,53.0,51.0
1754587531,card1,47.0,38.0
1754587531,card2,47.0,41.0
1754587531,card3,51.0,43.0
1754587531,card4,48.0,42.0
1754587531,card5,46.0,39.0
1754587531,card6,49.0,43.0
1754587531,card7,45.0,39.0
1754587531,
1754587536,card0,65.0,53.0
1754587536,card1,47.0,39.0
1754587536,card2,47.0,41.0
1754587536,card3,51.0,43.0
1754587536,card4,48.0,42.0
1754587536,card5,46.0,39.0
1754587536,card6,49.0,43.0
1754587536,card7,45.0,39.0
1754587536,
1754587541,card0,55.0,48.0
1754587541,card1,47.0,39.0
1754587541,card2,47.0,41.0
1754587541,card3,51.0,43.0
1754587541,card4,49.0,42.0
1754587541,card5,46.0,39.0
1754587541,card6,49.0,43.0
1754587541,card7,45.0,39.0
1754587541,
1754587546,card0,54.0,47.0
1754587546,card1,48.0,39.0
1754587546,card2,47.0,41.0
1754587546,card3,51.0,43.0
1754587546,card4,49.0,43.0
1754587546,card5,46.0,39.0
1754587546,card6,49.0,43.0
1754587546,card7,45.0,39.0
1754587546,
1754587551,card0,53.0,46.0
1754587551,card1,48.0,39.0
1754587551,card2,47.0,41.0
1754587551,card3,51.0,43.0
1754587551,card4,49.0,43.0
1754587551,card5,46.0,39.0
1754587551,card6,49.0,43.0
1754587551,card7,45.0,39.0
1754587551,
1754587556,card0,53.0,46.0
1754587556,card1,47.0,39.0
1754587556,card2,47.0,41.0
1754587556,card3,51.0,43.0
1754587556,card4,48.0,42.0
1754587556,card5,46.0,39.0
1754587556,card6,49.0,43.0
1754587556,card7,45.0,39.0
1754587556,
1754587562,card0,52.0,45.0
1754587562,card1,47.0,38.0
1754587562,card2,47.0,40.0
1754587562,card3,51.0,43.0
1754587562,card4,48.0,42.0
1754587562,card5,45.0,39.0
1754587562,card6,49.0,43.0
1754587562,card7,44.0,38.0
1754587562,
1754587567,card0,52.0,45.0
1754587567,card1,47.0,38.0
1754587567,card2,46.0,40.0
1754587567,card3,51.0,43.0
1754587567,card4,48.0,42.0
1754587567,card5,45.0,39.0
1754587567,card6,48.0,43.0
1754587567,card7,44.0,38.0
1754587567,
1754587572,card0,52.0,46.0
1754587572,card1,47.0,38.0
1754587572,card2,46.0,40.0
1754587572,card3,51.0,43.0
1754587572,card4,48.0,42.0
1754587572,card5,45.0,38.0
1754587572,card6,49.0,43.0
1754587572,card7,44.0,38.0
1754587572,
1754587577,card0,52.0,45.0
1754587577,card1,47.0,39.0
1754587577,card2,47.0,40.0
1754587577,card3,51.0,43.0
1754587577,card4,48.0,42.0
1754587577,card5,46.0,39.0
1754587577,card6,49.0,43.0
1754587577,card7,45.0,38.0
1754587577,
1754587582,card0,60.0,62.0
1754587582,card1,47.0,38.0
1754587582,card2,47.0,40.0
1754587582,card3,51.0,43.0
1754587582,card4,48.0,42.0
1754587582,card5,46.0,39.0
1754587582,card6,49.0,43.0
1754587582,card7,45.0,39.0
1754587582,
1754587587,card0,62.0,58.0
1754587587,card1,47.0,39.0
1754587587,card2,47.0,41.0
1754587587,card3,51.0,43.0
1754587587,card4,48.0,42.0
1754587587,card5,46.0,39.0
1754587587,card6,49.0,43.0
1754587587,card7,45.0,38.0
1754587587,
1754587592,card0,63.0,63.0
1754587592,card1,47.0,39.0
1754587592,card2,47.0,41.0
1754587592,card3,51.0,43.0
1754587592,card4,48.0,42.0
1754587592,card5,46.0,39.0
1754587592,card6,49.0,43.0
1754587592,card7,45.0,39.0
1754587592,
1754587597,card0,59.0,51.0
1754587597,card1,47.0,39.0
1754587597,card2,47.0,41.0
1754587597,card3,51.0,43.0
1754587597,card4,48.0,42.0
1754587597,card5,46.0,39.0
1754587597,card6,49.0,43.0
1754587597,card7,45.0,39.0
1754587597,
1754587603,card0,56.0,49.0
1754587603,card1,47.0,38.0
1754587603,card2,47.0,40.0
1754587603,card3,51.0,43.0
1754587603,card4,48.0,42.0
1754587603,card5,46.0,38.0
1754587603,card6,49.0,43.0
1754587603,card7,45.0,38.0
1754587603,
1754587608,card0,55.0,49.0
1754587608,card1,47.0,38.0
1754587608,card2,47.0,40.0
1754587608,card3,51.0,43.0
1754587608,card4,48.0,42.0
1754587608,card5,46.0,38.0
1754587608,card6,49.0,43.0
1754587608,card7,45.0,38.0
1754587608,
1754587613,card0,53.0,47.0
1754587613,card1,47.0,38.0
1754587613,card2,46.0,40.0
1754587613,card3,51.0,42.0
1754587613,card4,48.0,42.0
1754587613,card5,45.0,38.0
1754587613,card6,48.0,43.0
1754587613,card7,44.0,38.0
1754587613,
1754587618,card0,52.0,45.0
1754587618,card1,47.0,38.0
1754587618,card2,46.0,40.0
1754587618,card3,50.0,42.0
1754587618,card4,47.0,41.0
1754587618,card5,45.0,38.0
1754587618,card6,48.0,42.0
1754587618,card7,44.0,38.0
1754587618,
1754587623,card0,51.0,44.0
1754587623,card1,46.0,38.0
1754587623,card2,46.0,39.0
1754587623,card3,50.0,42.0
1754587623,card4,47.0,41.0
1754587623,card5,45.0,38.0
1754587623,card6,47.0,42.0
1754587623,card7,44.0,38.0
1754587623,
1754587628,card0,51.0,44.0
1754587628,card1,46.0,37.0
1754587628,card2,46.0,40.0
1754587628,card3,50.0,42.0
1754587628,card4,47.0,41.0
1754587628,card5,45.0,38.0
1754587628,card6,47.0,42.0
1754587628,card7,44.0,38.0
1754587628,
1754587633,card0,51.0,44.0
1754587633,card1,47.0,38.0
1754587633,card2,46.0,40.0
1754587633,card3,50.0,42.0
1754587633,card4,47.0,41.0
1754587633,card5,45.0,38.0
1754587633,card6,48.0,42.0
1754587633,card7,44.0,38.0
1754587633,
1754587639,card0,51.0,44.0
1754587639,card1,47.0,38.0
1754587639,card2,46.0,40.0
1754587639,card3,50.0,42.0
1754587639,card4,47.0,41.0
1754587639,card5,45.0,39.0
1754587639,card6,48.0,42.0
1754587639,card7,44.0,38.0
1754587639,
1754587644,card0,51.0,44.0
1754587644,card1,47.0,38.0
1754587644,card2,46.0,40.0
1754587644,card3,50.0,42.0
1754587644,card4,47.0,42.0
1754587644,card5,45.0,39.0
1754587644,card6,48.0,42.0
1754587644,card7,44.0,38.0
1754587644,
1754587649,card0,51.0,44.0
1754587649,card1,47.0,38.0
1754587649,card2,46.0,40.0
1754587649,card3,50.0,42.0
1754587649,card4,48.0,41.0
1754587649,card5,45.0,39.0
1754587649,card6,48.0,42.0
1754587649,card7,44.0,38.0
1754587649,
1754587654,card0,51.0,44.0
1754587654,card1,47.0,38.0
1754587654,card2,46.0,40.0
1754587654,card3,51.0,42.0
1754587654,card4,48.0,42.0
1754587654,card5,45.0,39.0
1754587654,card6,48.0,42.0
1754587654,card7,44.0,38.0
1754587654,
1754587659,card0,51.0,44.0
1754587659,card1,47.0,38.0
1754587659,card2,47.0,40.0
1754587659,card3,51.0,42.0
1754587659,card4,48.0,42.0
1754587659,card5,46.0,39.0
1754587659,card6,48.0,42.0
1754587659,card7,45.0,38.0
1754587659,
1754587664,card0,51.0,44.0
1754587664,card1,47.0,38.0
1754587664,card2,47.0,40.0
1754587664,card3,51.0,43.0
1754587664,card4,48.0,42.0
1754587664,card5,46.0,39.0
1754587664,card6,48.0,43.0
1754587664,card7,45.0,39.0
1754587664,
1754587669,card0,51.0,44.0
1754587669,card1,47.0,38.0
1754587669,card2,47.0,41.0
1754587669,card3,51.0,43.0
1754587669,card4,48.0,42.0
1754587669,card5,46.0,39.0
1754587669,card6,49.0,43.0
1754587669,card7,45.0,38.0
1754587669,
1754587674,card0,51.0,44.0
1754587674,card1,47.0,38.0
1754587674,card2,47.0,41.0
1754587674,card3,51.0,43.0
1754587674,card4,48.0,42.0
1754587674,card5,46.0,39.0
1754587674,card6,49.0,43.0
1754587674,card7,45.0,38.0
1754587674,
1754587680,card0,51.0,44.0
1754587680,card1,47.0,38.0
1754587680,card2,47.0,41.0
1754587680,card3,51.0,43.0
1754587680,card4,48.0,42.0
1754587680,card5,46.0,39.0
1754587680,card6,49.0,43.0
1754587680,card7,45.0,38.0
1754587680,
1754587685,card0,51.0,44.0
1754587685,card1,47.0,39.0
1754587685,card2,47.0,41.0
1754587685,card3,51.0,43.0
1754587685,card4,48.0,42.0
1754587685,card5,46.0,39.0
1754587685,card6,49.0,43.0
1754587685,card7,45.0,39.0
1754587685,
1754587690,card0,52.0,44.0
1754587690,card1,47.0,38.0
1754587690,card2,47.0,41.0
1754587690,card3,51.0,43.0
1754587690,card4,48.0,42.0
1754587690,card5,46.0,39.0
1754587690,card6,49.0,43.0
1754587690,card7,45.0,39.0
1754587690,
1754587695,card0,53.0,48.0
1754587695,card1,47.0,39.0
1754587695,card2,47.0,41.0
1754587695,card3,51.0,43.0
1754587695,card4,49.0,42.0
1754587695,card5,46.0,39.0
1754587695,card6,49.0,43.0
1754587695,card7,45.0,39.0
1754587695,
1754587700,card0,61.0,51.0
1754587700,card1,48.0,39.0
1754587700,card2,47.0,41.0
1754587700,card3,51.0,43.0
1754587700,card4,49.0,43.0
1754587700,card5,46.0,39.0
1754587700,card6,49.0,43.0
1754587700,card7,45.0,39.0
1754587700,
1754587705,card0,54.0,47.0
1754587705,card1,48.0,39.0
1754587705,card2,47.0,41.0
1754587705,card3,51.0,43.0
1754587705,card4,49.0,43.0
1754587705,card5,46.0,39.0
1754587705,card6,49.0,43.0
1754587705,card7,45.0,39.0
1754587705,
1754587710,card0,53.0,46.0
1754587710,card1,48.0,39.0
1754587710,card2,47.0,41.0
1754587710,card3,52.0,43.0
1754587710,card4,49.0,43.0
1754587710,card5,46.0,39.0
1754587710,card6,49.0,43.0
1754587710,card7,45.0,39.0
1754587710,
1754587716,card0,53.0,46.0
1754587716,card1,47.0,39.0
1754587716,card2,47.0,41.0
1754587716,card3,51.0,44.0
1754587716,card4,49.0,43.0
1754587716,card5,46.0,39.0
1754587716,card6,49.0,43.0
1754587716,card7,45.0,39.0
1754587716,
1754587721,card0,52.0,45.0
1754587721,card1,47.0,39.0
1754587721,card2,47.0,40.0
1754587721,card3,51.0,43.0
1754587721,card4,48.0,42.0
1754587721,card5,46.0,39.0
1754587721,card6,49.0,43.0
1754587721,card7,45.0,39.0
1754587721,
1754587726,card0,52.0,45.0
1754587726,card1,47.0,38.0
1754587726,card2,47.0,40.0
1754587726,card3,51.0,43.0
1754587726,card4,48.0,42.0
1754587726,card5,45.0,39.0
1754587726,card6,49.0,43.0
1754587726,card7,44.0,38.0
1754587726,
1754587731,card0,52.0,45.0
1754587731,card1,47.0,38.0
1754587731,card2,47.0,40.0
1754587731,card3,51.0,43.0
1754587731,card4,48.0,42.0
1754587731,card5,46.0,39.0
1754587731,card6,49.0,43.0
1754587731,card7,45.0,38.0
1754587731,
1754587736,card0,52.0,46.0
1754587736,card1,47.0,39.0
1754587736,card2,47.0,41.0
1754587736,card3,51.0,43.0
1754587736,card4,48.0,42.0
1754587736,card5,46.0,39.0
1754587736,card6,49.0,43.0
1754587736,card7,45.0,39.0
1754587736,
1754587741,card0,52.0,45.0
1754587741,card1,47.0,39.0
1754587741,card2,47.0,41.0
1754587741,card3,51.0,43.0
1754587741,card4,48.0,43.0
1754587741,card5,46.0,39.0
1754587741,card6,49.0,43.0
1754587741,card7,45.0,38.0
1754587741,
1754587746,card0,59.0,62.0
1754587746,card1,47.0,39.0
1754587746,card2,47.0,41.0
1754587746,card3,51.0,44.0
1754587746,card4,49.0,43.0
1754587746,card5,46.0,39.0
1754587746,card6,49.0,43.0
1754587746,card7,45.0,39.0
1754587746,
1754587751,card0,61.0,56.0
1754587751,card1,47.0,38.0
1754587751,card2,47.0,41.0
1754587751,card3,51.0,43.0
1754587751,card4,49.0,42.0
1754587751,card5,46.0,39.0
1754587751,card6,49.0,43.0
1754587751,card7,45.0,39.0
1754587751,
1754587757,card0,63.0,64.0
1754587757,card1,47.0,39.0
1754587757,card2,47.0,41.0
1754587757,card3,51.0,44.0
1754587757,card4,49.0,43.0
1754587757,card5,46.0,39.0
1754587757,card6,49.0,43.0
1754587757,card7,45.0,39.0
1754587757,
1754587762,card0,61.0,52.0
1754587762,card1,47.0,39.0
1754587762,card2,47.0,41.0
1754587762,card3,52.0,43.0
1754587762,card4,49.0,43.0
1754587762,card5,46.0,39.0
1754587762,card6,49.0,43.0
1754587762,card7,45.0,39.0
1754587762,
1754587767,card0,57.0,50.0
1754587767,card1,47.0,39.0
1754587767,card2,47.0,41.0
1754587767,card3,52.0,44.0
1754587767,card4,49.0,43.0
1754587767,card5,46.0,39.0
1754587767,card6,49.0,44.0
1754587767,card7,45.0,39.0
1754587767,
1754587772,card0,56.0,50.0
1754587772,card1,47.0,39.0
1754587772,card2,47.0,41.0
1754587772,card3,52.0,44.0
1754587772,card4,49.0,42.0
1754587772,card5,46.0,39.0
1754587772,card6,49.0,43.0
1754587772,card7,45.0,39.0
1754587772,
1754587777,card0,54.0,47.0
1754587777,card1,47.0,38.0
1754587777,card2,47.0,41.0
1754587777,card3,51.0,43.0
1754587777,card4,48.0,42.0
1754587777,card5,46.0,39.0
1754587777,card6,49.0,43.0
1754587777,card7,45.0,38.0
1754587777,
1754587782,card0,53.0,46.0
1754587782,card1,47.0,38.0
1754587782,card2,47.0,40.0
1754587782,card3,51.0,43.0
1754587782,card4,48.0,42.0
1754587782,card5,45.0,39.0
1754587782,card6,49.0,43.0
1754587782,card7,44.0,38.0
1754587782,
1754587787,card0,53.0,46.0
1754587787,card1,47.0,38.0
1754587787,card2,47.0,40.0
1754587787,card3,51.0,43.0
1754587787,card4,48.0,42.0
1754587787,card5,45.0,39.0
1754587787,card6,49.0,43.0
1754587787,card7,44.0,38.0
1754587787,
1754587793,card0,52.0,46.0
1754587793,card1,47.0,38.0
1754587793,card2,47.0,40.0
1754587793,card3,51.0,43.0
1754587793,card4,48.0,42.0
1754587793,card5,46.0,39.0
1754587793,card6,49.0,43.0
1754587793,card7,45.0,38.0
1754587793,
1754587798,card0,52.0,45.0
1754587798,card1,47.0,39.0
1754587798,card2,47.0,41.0
1754587798,card3,51.0,43.0
1754587798,card4,48.0,42.0
1754587798,card5,46.0,39.0
1754587798,card6,49.0,43.0
1754587798,card7,45.0,38.0
1754587798,
1754587803,card0,52.0,45.0
1754587803,card1,47.0,39.0
1754587803,card2,47.0,41.0
1754587803,card3,51.0,43.0
1754587803,card4,48.0,42.0
1754587803,card5,46.0,39.0
1754587803,card6,49.0,43.0
1754587803,card7,45.0,38.0
1754587803,
1754587808,card0,52.0,45.0
1754587808,card1,47.0,39.0
1754587808,card2,47.0,41.0
1754587808,card3,51.0,44.0
1754587808,card4,48.0,42.0
1754587808,card5,46.0,39.0
1754587808,card6,49.0,44.0
1754587808,card7,45.0,39.0
1754587808,
1754587813,card0,52.0,45.0
1754587813,card1,47.0,39.0
1754587813,card2,47.0,41.0
1754587813,card3,51.0,44.0
1754587813,card4,49.0,43.0
1754587813,card5,46.0,39.0
1754587813,card6,49.0,43.0
1754587813,card7,45.0,39.0
1754587813,
1754587818,card0,52.0,45.0
1754587818,card1,47.0,39.0
1754587818,card2,47.0,41.0
1754587818,card3,51.0,44.0
1754587818,card4,49.0,43.0
1754587818,card5,46.0,39.0
1754587818,card6,49.0,43.0
1754587818,card7,45.0,39.0
1754587818,
1754587823,card0,52.0,45.0
1754587823,card1,47.0,39.0
1754587823,card2,47.0,41.0
1754587823,card3,52.0,44.0
1754587823,card4,49.0,43.0
1754587823,card5,46.0,39.0
1754587823,card6,49.0,43.0
1754587823,card7,45.0,39.0
1754587823,
1754587828,card0,51.0,45.0
1754587828,card1,48.0,39.0
1754587828,card2,47.0,41.0
1754587828,card3,52.0,44.0
1754587828,card4,49.0,43.0
1754587828,card5,46.0,39.0
1754587828,card6,49.0,44.0
1754587828,card7,45.0,39.0
1754587828,
1754587834,card0,51.0,45.0
1754587834,card1,48.0,39.0
1754587834,card2,47.0,41.0
1754587834,card3,52.0,44.0
1754587834,card4,49.0,43.0
1754587834,card5,46.0,39.0
1754587834,card6,49.0,43.0
1754587834,card7,45.0,39.0
1754587834,
1754587839,card0,52.0,45.0
1754587839,card1,48.0,39.0
1754587839,card2,47.0,41.0
1754587839,card3,52.0,44.0
1754587839,card4,49.0,43.0
1754587839,card5,46.0,39.0
1754587839,card6,50.0,44.0
1754587839,card7,45.0,39.0
1754587839,
1754587844,card0,52.0,45.0
1754587844,card1,48.0,39.0
1754587844,card2,47.0,41.0
1754587844,card3,52.0,44.0
1754587844,card4,49.0,43.0
1754587844,card5,46.0,39.0
1754587844,card6,50.0,43.0
1754587844,card7,45.0,39.0
1754587844,
1754587849,card0,52.0,49.0
1754587849,card1,48.0,39.0
1754587849,card2,47.0,41.0
1754587849,card3,52.0,44.0
1754587849,card4,49.0,43.0
1754587849,card5,46.0,39.0
1754587849,card6,50.0,44.0
1754587849,card7,45.0,39.0
1754587849,
1754587854,card0,53.0,46.0
1754587854,card1,48.0,39.0
1754587854,card2,47.0,41.0
1754587854,card3,52.0,44.0
1754587854,card4,49.0,43.0
1754587854,card5,46.0,39.0
1754587854,card6,50.0,43.0
1754587854,card7,45.0,39.0
1754587854,
1754587859,card0,57.0,51.0
1754587859,card1,48.0,39.0
1754587859,card2,47.0,41.0
1754587859,card3,52.0,44.0
1754587859,card4,49.0,43.0
1754587859,card5,46.0,40.0
1754587859,card6,50.0,44.0
1754587859,card7,45.0,39.0
1754587859,
1754587864,card0,56.0,49.0
1754587864,card1,48.0,39.0
1754587864,card2,47.0,41.0
1754587864,card3,52.0,45.0
1754587864,card4,49.0,43.0
1754587864,card5,46.0,39.0
1754587864,card6,50.0,44.0
1754587864,card7,45.0,39.0
1754587864,
1754587870,card0,54.0,47.0
1754587870,card1,48.0,39.0
1754587870,card2,47.0,41.0
1754587870,card3,52.0,44.0
1754587870,card4,49.0,43.0
1754587870,card5,46.0,39.0
1754587870,card6,50.0,44.0
1754587870,card7,45.0,39.0
1754587870,
1754587875,card0,53.0,47.0
1754587875,card1,48.0,39.0
1754587875,card2,47.0,41.0
1754587875,card3,52.0,45.0
1754587875,card4,49.0,43.0
1754587875,card5,46.0,39.0
1754587875,card6,50.0,44.0
1754587875,card7,45.0,39.0
1754587875,
1754587880,card0,53.0,46.0
1754587880,card1,48.0,39.0
1754587880,card2,47.0,41.0
1754587880,card3,52.0,44.0
1754587880,card4,49.0,43.0
1754587880,card5,46.0,39.0
1754587880,card6,50.0,43.0
1754587880,card7,45.0,39.0
1754587880,
1754587885,card0,52.0,45.0
1754587885,card1,47.0,38.0
1754587885,card2,47.0,41.0
1754587885,card3,52.0,44.0
1754587885,card4,49.0,43.0
1754587885,card5,46.0,39.0
1754587885,card6,49.0,43.0
1754587885,card7,45.0,38.0
1754587885,
1754587890,card0,52.0,45.0
1754587890,card1,47.0,38.0
1754587890,card2,47.0,41.0
1754587890,card3,51.0,44.0
1754587890,card4,48.0,42.0
1754587890,card5,45.0,39.0
1754587890,card6,49.0,43.0
1754587890,card7,45.0,38.0
1754587890,
1754587895,card0,52.0,46.0
1754587895,card1,47.0,38.0
1754587895,card2,47.0,40.0
1754587895,card3,51.0,44.0
1754587895,card4,48.0,42.0
1754587895,card5,46.0,39.0
1754587895,card6,49.0,43.0
1754587895,card7,45.0,38.0
1754587895,
1754587900,card0,54.0,59.0
1754587900,card1,47.0,38.0
1754587900,card2,47.0,41.0
1754587900,card3,51.0,43.0
1754587900,card4,48.0,43.0
1754587900,card5,46.0,39.0
1754587900,card6,49.0,43.0
1754587900,card7,45.0,38.0
1754587900,
1754587906,card0,60.0,64.0
1754587906,card1,47.0,38.0
1754587906,card2,47.0,41.0
1754587906,card3,52.0,43.0
1754587906,card4,49.0,42.0
1754587906,card5,46.0,39.0
1754587906,card6,49.0,43.0
1754587906,card7,45.0,39.0
1754587906,
1754587911,card0,61.0,62.0
1754587911,card1,47.0,39.0
1754587911,card2,47.0,41.0
1754587911,card3,52.0,44.0
1754587911,card4,49.0,42.0
1754587911,card5,46.0,39.0
1754587911,card6,49.0,44.0
1754587911,card7,45.0,39.0
1754587911,
1754587916,card0,64.0,67.0
1754587916,card1,47.0,39.0
1754587916,card2,47.0,41.0
1754587916,card3,52.0,44.0
1754587916,card4,49.0,43.0
1754587916,card5,46.0,39.0
1754587916,card6,49.0,43.0
1754587916,card7,45.0,39.0
1754587916,
1754587921,card0,65.0,68.0
1754587921,card1,47.0,39.0
1754587921,card2,47.0,41.0
1754587921,card3,52.0,44.0
1754587921,card4,49.0,43.0
1754587921,card5,46.0,39.0
1754587921,card6,49.0,43.0
1754587921,card7,45.0,39.0
1754587921,
1754587926,card0,65.0,69.0
1754587926,card1,47.0,39.0
1754587926,card2,47.0,41.0
1754587926,card3,52.0,43.0
1754587926,card4,49.0,42.0
1754587926,card5,46.0,39.0
1754587926,card6,49.0,43.0
1754587926,card7,45.0,39.0
1754587926,
1754587931,card0,66.0,69.0
1754587931,card1,47.0,39.0
1754587931,card2,47.0,41.0
1754587931,card3,51.0,43.0
1754587931,card4,48.0,42.0
1754587931,card5,46.0,39.0
1754587931,card6,49.0,43.0
1754587931,card7,45.0,38.0
1754587931,
1754587936,card0,66.0,69.0
1754587936,card1,47.0,38.0
1754587936,card2,47.0,40.0
1754587936,card3,51.0,43.0
1754587936,card4,48.0,42.0
1754587936,card5,45.0,39.0
1754587936,card6,49.0,43.0
1754587936,card7,44.0,38.0
1754587936,
1754587942,card0,65.0,69.0
1754587942,card1,47.0,38.0
1754587942,card2,46.0,40.0
1754587942,card3,51.0,42.0
1754587942,card4,48.0,42.0
1754587942,card5,45.0,38.0
1754587942,card6,48.0,42.0
1754587942,card7,44.0,38.0
1754587942,
1754587947,card0,65.0,68.0
1754587947,card1,46.0,38.0
1754587947,card2,46.0,40.0
1754587947,card3,50.0,42.0
1754587947,card4,47.0,41.0
1754587947,card5,45.0,38.0
1754587947,card6,48.0,42.0
1754587947,card7,44.0,38.0
1754587947,
1754587952,card0,65.0,69.0
1754587952,card1,46.0,38.0
1754587952,card2,46.0,40.0
1754587952,card3,50.0,42.0
1754587952,card4,47.0,41.0
1754587952,card5,45.0,38.0
1754587952,card6,47.0,42.0
1754587952,card7,44.0,38.0
1754587952,
1754587957,card0,64.0,68.0
1754587957,card1,46.0,37.0
1754587957,card2,46.0,39.0
1754587957,card3,50.0,42.0
1754587957,card4,47.0,41.0
1754587957,card5,45.0,38.0
1754587957,card6,47.0,42.0
1754587957,card7,44.0,37.0
1754587957,
1754587962,card0,64.0,69.0
1754587962,card1,46.0,38.0
1754587962,card2,45.0,40.0
1754587962,card3,49.0,41.0
1754587962,card4,46.0,40.0
1754587962,card5,44.0,38.0
1754587962,card6,47.0,41.0
1754587962,card7,44.0,37.0
1754587962,
1754587967,card0,64.0,68.0
1754587967,card1,46.0,37.0
1754587967,card2,45.0,39.0
1754587967,card3,49.0,41.0
1754587967,card4,46.0,40.0
1754587967,card5,44.0,38.0
1754587967,card6,47.0,41.0
1754587967,card7,43.0,37.0
1754587967,
1754587972,card0,64.0,67.0
1754587972,card1,46.0,37.0
1754587972,card2,45.0,39.0
1754587972,card3,49.0,41.0
1754587972,card4,46.0,40.0
1754587972,card5,44.0,37.0
1754587972,card6,47.0,41.0
1754587972,card7,43.0,37.0
1754587972,
1754587978,card0,64.0,68.0
1754587978,card1,46.0,37.0
1754587978,card2,45.0,39.0
1754587978,card3,49.0,41.0
1754587978,card4,46.0,40.0
1754587978,card5,44.0,38.0
1754587978,card6,46.0,41.0
1754587978,card7,43.0,37.0
1754587978,
1754587983,card0,64.0,68.0
1754587983,card1,46.0,37.0
1754587983,card2,45.0,39.0
1754587983,card3,49.0,41.0
1754587983,card4,46.0,40.0
1754587983,card5,44.0,38.0
1754587983,card6,46.0,41.0
1754587983,card7,43.0,37.0
1754587983,
1754587988,card0,64.0,69.0
1754587988,card1,46.0,37.0
1754587988,card2,45.0,39.0
1754587988,card3,49.0,41.0
1754587988,card4,46.0,40.0
1754587988,card5,44.0,37.0
1754587988,card6,46.0,41.0
1754587988,card7,43.0,37.0
1754587988,
1754587993,card0,64.0,68.0
1754587993,card1,46.0,37.0
1754587993,card2,45.0,39.0
1754587993,card3,49.0,41.0
1754587993,card4,46.0,40.0
1754587993,card5,44.0,38.0
1754587993,card6,46.0,41.0
1754587993,card7,43.0,37.0
1754587993,
1754587998,card0,65.0,70.0
1754587998,card1,46.0,37.0
1754587998,card2,45.0,39.0
1754587998,card3,49.0,41.0
1754587998,card4,46.0,40.0
1754587998,card5,44.0,38.0
1754587998,card6,46.0,41.0
1754587998,card7,43.0,37.0
1754587998,
1754588003,card0,65.0,70.0
1754588003,card1,46.0,37.0
1754588003,card2,45.0,39.0
1754588003,card3,49.0,41.0
1754588003,card4,46.0,40.0
1754588003,card5,45.0,38.0
1754588003,card6,46.0,41.0
1754588003,card7,44.0,37.0
1754588003,
1754588009,card0,66.0,69.0
1754588009,card1,46.0,37.0
1754588009,card2,46.0,39.0
1754588009,card3,49.0,41.0
1754588009,card4,46.0,40.0
1754588009,card5,44.0,38.0
1754588009,card6,47.0,41.0
1754588009,card7,44.0,37.0
1754588009,
1754588014,card0,66.0,70.0
1754588014,card1,46.0,37.0
1754588014,card2,46.0,39.0
1754588014,card3,49.0,41.0
1754588014,card4,46.0,40.0
1754588014,card5,45.0,38.0
1754588014,card6,47.0,41.0
1754588014,card7,44.0,37.0
1754588014,
1754588019,card0,66.0,70.0
1754588019,card1,46.0,37.0
1754588019,card2,46.0,39.0
1754588019,card3,49.0,41.0
1754588019,card4,46.0,40.0
1754588019,card5,45.0,38.0
1754588019,card6,47.0,41.0
1754588019,card7,44.0,37.0
1754588019,
1754588024,card0,67.0,71.0
1754588024,card1,46.0,37.0
1754588024,card2,46.0,39.0
1754588024,card3,49.0,41.0
1754588024,card4,46.0,40.0
1754588024,card5,45.0,38.0
1754588024,card6,47.0,41.0
1754588024,card7,44.0,37.0
1754588024,
1754588029,card0,67.0,70.0
1754588029,card1,46.0,37.0
1754588029,card2,46.0,39.0
1754588029,card3,49.0,41.0
1754588029,card4,46.0,40.0
1754588029,card5,45.0,38.0
1754588029,card6,47.0,41.0
1754588029,card7,44.0,37.0
1754588029,
1754588034,card0,67.0,71.0
1754588034,card1,46.0,37.0
1754588034,card2,46.0,39.0
1754588034,card3,49.0,41.0
1754588034,card4,46.0,40.0
1754588034,card5,45.0,38.0
1754588034,card6,47.0,41.0
1754588034,card7,44.0,37.0
1754588034,
1754588039,card0,59.0,52.0
1754588039,card1,46.0,37.0
1754588039,card2,46.0,39.0
1754588039,card3,49.0,41.0
1754588039,card4,46.0,40.0
1754588039,card5,45.0,38.0
1754588039,card6,47.0,41.0
1754588039,card7,44.0,37.0
1754588039,
1754588045,card0,57.0,51.0
1754588045,card1,46.0,37.0
1754588045,card2,46.0,39.0
1754588045,card3,49.0,41.0
1754588045,card4,46.0,40.0
1754588045,card5,45.0,38.0
1754588045,card6,47.0,41.0
1754588045,card7,44.0,37.0
1754588045,
1754588050,card0,55.0,49.0
1754588050,card1,46.0,38.0
1754588050,card2,45.0,39.0
1754588050,card3,49.0,41.0
1754588050,card4,46.0,40.0
1754588050,card5,45.0,38.0
1754588050,card6,47.0,41.0
1754588050,card7,44.0,37.0
1754588050,
1754588055,card0,54.0,48.0
1754588055,card1,46.0,37.0
1754588055,card2,45.0,39.0
1754588055,card3,49.0,41.0
1754588055,card4,46.0,40.0
1754588055,card5,45.0,38.0
1754588055,card6,47.0,41.0
1754588055,card7,44.0,37.0
1754588055,
1754588060,card0,53.0,46.0
1754588060,card1,46.0,37.0
1754588060,card2,45.0,39.0
1754588060,card3,49.0,41.0
1754588060,card4,46.0,40.0
1754588060,card5,45.0,37.0
1754588060,card6,46.0,41.0
1754588060,card7,44.0,37.0
1754588060,
1754588065,card0,53.0,46.0
1754588065,card1,46.0,38.0
1754588065,card2,46.0,40.0
1754588065,card3,49.0,41.0
1754588065,card4,46.0,41.0
1754588065,card5,45.0,38.0
1754588065,card6,47.0,41.0
1754588065,card7,44.0,37.0
1754588065,
1754588070,card0,53.0,46.0
1754588070,card1,46.0,38.0
1754588070,card2,46.0,40.0
1754588070,card3,49.0,41.0
1754588070,card4,47.0,41.0
1754588070,card5,45.0,38.0
1754588070,card6,47.0,42.0
1754588070,card7,44.0,38.0
1754588070,
1754588075,card0,52.0,46.0
1754588075,card1,47.0,38.0
1754588075,card2,46.0,40.0
1754588075,card3,50.0,42.0
1754588075,card4,47.0,41.0
1754588075,card5,45.0,39.0
1754588075,card6,47.0,41.0
1754588075,card7,44.0,38.0
1754588075,
1754588081,card0,52.0,45.0
1754588081,card1,47.0,38.0
1754588081,card2,46.0,40.0
1754588081,card3,50.0,42.0
1754588081,card4,47.0,41.0
1754588081,card5,45.0,39.0
1754588081,card6,47.0,42.0
1754588081,card7,44.0,38.0
1754588081,
1754588086,card0,52.0,46.0
1754588086,card1,47.0,38.0
1754588086,card2,46.0,40.0
1754588086,card3,50.0,42.0
1754588086,card4,47.0,41.0
1754588086,card5,45.0,38.0
1754588086,card6,47.0,42.0
1754588086,card7,44.0,38.0
1754588086,
1754588091,card0,52.0,45.0
1754588091,card1,47.0,38.0
1754588091,card2,46.0,40.0
1754588091,card3,50.0,42.0
1754588091,card4,47.0,41.0
1754588091,card5,45.0,38.0
1754588091,card6,48.0,42.0
1754588091,card7,44.0,38.0
1754588091,
1754588096,card0,52.0,45.0
1754588096,card1,47.0,38.0
1754588096,card2,46.0,40.0
1754588096,card3,50.0,42.0
1754588096,card4,48.0,42.0
1754588096,card5,45.0,39.0
1754588096,card6,48.0,42.0
1754588096,card7,45.0,38.0
1754588096,
1754588101,card0,52.0,45.0
1754588101,card1,47.0,38.0
1754588101,card2,47.0,40.0
1754588101,card3,50.0,42.0
1754588101,card4,48.0,42.0
1754588101,card5,46.0,39.0
1754588101,card6,48.0,42.0
1754588101,card7,45.0,39.0
1754588101,
1754588106,card0,52.0,45.0
1754588106,card1,47.0,39.0
1754588106,card2,47.0,40.0
1754588106,card3,51.0,43.0
1754588106,card4,48.0,42.0
1754588106,card5,46.0,39.0
1754588106,card6,48.0,42.0
1754588106,card7,45.0,38.0
1754588106,
1754588111,card0,52.0,45.0
1754588111,card1,47.0,38.0
1754588111,card2,47.0,40.0
1754588111,card3,51.0,43.0
1754588111,card4,48.0,42.0
1754588111,card5,46.0,39.0
1754588111,card6,48.0,42.0
1754588111,card7,45.0,38.0
1754588111,
1754588117,card0,52.0,45.0
1754588117,card1,47.0,39.0
1754588117,card2,47.0,40.0
1754588117,card3,51.0,43.0
1754588117,card4,48.0,42.0
1754588117,card5,46.0,39.0
1754588117,card6,48.0,42.0
1754588117,card7,45.0,38.0
1754588117,
1754588122,card0,52.0,48.0
1754588122,card1,47.0,38.0
1754588122,card2,47.0,40.0
1754588122,card3,51.0,43.0
1754588122,card4,48.0,42.0
1754588122,card5,46.0,39.0
1754588122,card6,49.0,43.0
1754588122,card7,45.0,39.0
1754588122,
1754588127,card0,53.0,46.0
1754588127,card1,47.0,38.0
1754588127,card2,47.0,40.0
1754588127,card3,51.0,43.0
1754588127,card4,48.0,42.0
1754588127,card5,46.0,39.0
1754588127,card6,49.0,43.0
1754588127,card7,45.0,38.0
1754588127,
1754588132,card0,57.0,51.0
1754588132,card1,47.0,39.0
1754588132,card2,47.0,41.0
1754588132,card3,51.0,43.0
1754588132,card4,48.0,42.0
1754588132,card5,46.0,39.0
1754588132,card6,49.0,43.0
1754588132,card7,45.0,39.0
1754588132,
1754588137,card0,56.0,48.0
1754588137,card1,47.0,39.0
1754588137,card2,47.0,40.0
1754588137,card3,51.0,43.0
1754588137,card4,48.0,42.0
1754588137,card5,46.0,39.0
1754588137,card6,49.0,43.0
1754588137,card7,45.0,39.0
1754588137,
1754588142,card0,54.0,47.0
1754588142,card1,47.0,39.0
1754588142,card2,47.0,41.0
1754588142,card3,51.0,43.0
1754588142,card4,48.0,42.0
1754588142,card5,46.0,39.0
1754588142,card6,49.0,43.0
1754588142,card7,45.0,39.0
1754588142,
1754588147,card0,54.0,46.0
1754588147,card1,47.0,39.0
1754588147,card2,47.0,41.0
1754588147,card3,51.0,44.0
1754588147,card4,49.0,42.0
1754588147,card5,46.0,39.0
1754588147,card6,49.0,43.0
1754588147,card7,45.0,39.0
1754588147,
1754588153,card0,53.0,46.0
1754588153,card1,48.0,39.0
1754588153,card2,47.0,41.0
1754588153,card3,51.0,44.0
1754588153,card4,49.0,42.0
1754588153,card5,46.0,39.0
1754588153,card6,49.0,43.0
1754588153,card7,45.0,39.0
1754588153,
1754588158,card0,53.0,46.0
1754588158,card1,48.0,39.0
1754588158,card2,47.0,41.0
1754588158,card3,51.0,43.0
1754588158,card4,49.0,42.0
1754588158,card5,46.0,39.0
1754588158,card6,49.0,43.0
1754588158,card7,45.0,39.0
1754588158,
1754588163,card0,53.0,46.0
1754588163,card1,48.0,39.0
1754588163,card2,47.0,41.0
1754588163,card3,52.0,44.0
1754588163,card4,49.0,43.0
1754588163,card5,46.0,39.0
1754588163,card6,49.0,43.0
1754588163,card7,45.0,39.0
1754588163,
1754588168,card0,54.0,48.0
1754588168,card1,48.0,39.0
1754588168,card2,47.0,41.0
1754588168,card3,52.0,43.0
1754588168,card4,49.0,43.0
1754588168,card5,46.0,39.0
1754588168,card6,49.0,43.0
1754588168,card7,45.0,39.0
1754588168,
1754588173,card0,54.0,57.0
1754588173,card1,48.0,39.0
1754588173,card2,47.0,41.0
1754588173,card3,52.0,44.0
1754588173,card4,49.0,43.0
1754588173,card5,46.0,39.0
1754588173,card6,49.0,43.0
1754588173,card7,45.0,39.0
1754588173,
1754588178,card0,61.0,65.0
1754588178,card1,48.0,39.0
1754588178,card2,47.0,41.0
1754588178,card3,52.0,44.0
1754588178,card4,49.0,43.0
1754588178,card5,46.0,40.0
1754588178,card6,49.0,43.0
1754588178,card7,45.0,39.0
1754588178,
1754588183,card0,63.0,66.0
1754588183,card1,48.0,39.0
1754588183,card2,47.0,41.0
1754588183,card3,52.0,44.0
1754588183,card4,49.0,43.0
1754588183,card5,46.0,39.0
1754588183,card6,49.0,43.0
1754588183,card7,45.0,39.0
1754588183,
1754588189,card0,64.0,68.0
1754588189,card1,48.0,39.0
1754588189,card2,47.0,41.0
1754588189,card3,52.0,44.0
1754588189,card4,49.0,43.0
1754588189,card5,46.0,39.0
1754588189,card6,49.0,44.0
1754588189,card7,45.0,39.0
1754588189,
1754588194,card0,66.0,69.0
1754588194,card1,48.0,39.0
1754588194,card2,47.0,41.0
1754588194,card3,52.0,44.0
1754588194,card4,49.0,43.0
1754588194,card5,46.0,39.0
1754588194,card6,50.0,44.0
1754588194,card7,45.0,39.0
1754588194,
1754588199,card0,67.0,71.0
1754588199,card1,48.0,39.0
1754588199,card2,47.0,41.0
1754588199,card3,52.0,44.0
1754588199,card4,49.0,43.0
1754588199,card5,46.0,39.0
1754588199,card6,50.0,44.0
1754588199,card7,45.0,39.0
1754588199,
1754588204,card0,67.0,71.0
1754588204,card1,48.0,39.0
1754588204,card2,47.0,41.0
1754588204,card3,52.0,44.0
1754588204,card4,49.0,43.0
1754588204,card5,46.0,39.0
1754588204,card6,49.0,44.0
1754588204,card7,45.0,39.0
1754588204,
1754588209,card0,67.0,69.0
1754588209,card1,47.0,39.0
1754588209,card2,47.0,40.0
1754588209,card3,51.0,43.0
1754588209,card4,48.0,42.0
1754588209,card5,46.0,39.0
1754588209,card6,49.0,43.0
1754588209,card7,45.0,39.0
1754588209,
1754588214,card0,66.0,70.0
1754588214,card1,47.0,38.0
1754588214,card2,47.0,40.0
1754588214,card3,51.0,43.0
1754588214,card4,48.0,42.0
1754588214,card5,45.0,39.0
1754588214,card6,49.0,43.0
1754588214,card7,45.0,38.0
1754588214,
1754588220,card0,66.0,69.0
1754588220,card1,47.0,38.0
1754588220,card2,46.0,40.0
1754588220,card3,50.0,42.0
1754588220,card4,48.0,41.0
1754588220,card5,45.0,38.0
1754588220,card6,48.0,42.0
1754588220,card7,44.0,38.0
1754588220,
1754588225,card0,65.0,70.0
1754588225,card1,46.0,38.0
1754588225,card2,46.0,40.0
1754588225,card3,50.0,42.0
1754588225,card4,47.0,41.0
1754588225,card5,45.0,39.0
1754588225,card6,48.0,42.0
1754588225,card7,44.0,38.0
1754588225,
1754588230,card0,64.0,68.0
1754588230,card1,46.0,37.0
1754588230,card2,46.0,39.0
1754588230,card3,49.0,42.0
1754588230,card4,47.0,41.0
1754588230,card5,45.0,38.0
1754588230,card6,47.0,42.0
1754588230,card7,44.0,38.0
1754588230,
1754588235,card0,64.0,69.0
1754588235,card1,46.0,37.0
1754588235,card2,45.0,39.0
1754588235,card3,49.0,41.0
1754588235,card4,46.0,40.0
1754588235,card5,44.0,38.0
1754588235,card6,47.0,41.0
1754588235,card7,44.0,37.0
1754588235,
1754588240,card0,63.0,68.0
1754588240,card1,46.0,37.0
1754588240,card2,45.0,39.0
1754588240,card3,49.0,41.0
1754588240,card4,46.0,40.0
1754588240,card5,44.0,37.0
1754588240,card6,46.0,41.0
1754588240,card7,43.0,37.0
1754588240,
1754588245,card0,64.0,66.0
1754588245,card1,46.0,37.0
1754588245,card2,45.0,39.0
1754588245,card3,48.0,41.0
1754588245,card4,46.0,40.0
1754588245,card5,44.0,38.0
1754588245,card6,46.0,41.0
1754588245,card7,43.0,37.0
1754588245,
1754588250,card0,63.0,68.0
1754588250,card1,46.0,37.0
1754588250,card2,45.0,39.0
1754588250,card3,48.0,40.0
1754588250,card4,46.0,40.0
1754588250,card5,44.0,38.0
1754588250,card6,46.0,41.0
1754588250,card7,43.0,37.0
1754588250,
1754588256,card0,62.0,66.0
1754588256,card1,46.0,37.0
1754588256,card2,45.0,39.0
1754588256,card3,48.0,40.0
1754588256,card4,45.0,40.0
1754588256,card5,44.0,37.0
1754588256,card6,46.0,40.0
1754588256,card7,43.0,37.0
1754588256,
1754588261,card0,63.0,68.0
1754588261,card1,46.0,37.0
1754588261,card2,45.0,39.0
1754588261,card3,48.0,40.0
1754588261,card4,45.0,39.0
1754588261,card5,44.0,38.0
1754588261,card6,46.0,40.0
1754588261,card7,43.0,37.0
1754588261,
1754588266,card0,64.0,67.0
1754588266,card1,46.0,37.0
1754588266,card2,45.0,39.0
1754588266,card3,48.0,40.0
1754588266,card4,45.0,39.0
1754588266,card5,44.0,38.0
1754588266,card6,46.0,40.0
1754588266,card7,43.0,37.0
1754588266,
1754588271,card0,64.0,69.0
1754588271,card1,46.0,37.0
1754588271,card2,45.0,39.0
1754588271,card3,48.0,40.0
1754588271,card4,45.0,40.0
1754588271,card5,44.0,38.0
1754588271,card6,46.0,41.0
1754588271,card7,43.0,37.0
1754588271,
1754588276,card0,64.0,69.0
1754588276,card1,46.0,37.0
1754588276,card2,45.0,39.0
1754588276,card3,48.0,40.0
1754588276,card4,46.0,40.0
1754588276,card5,44.0,37.0
1754588276,card6,46.0,40.0
1754588276,card7,43.0,37.0
1754588276,
1754588281,card0,66.0,67.0
1754588281,card1,46.0,37.0
1754588281,card2,45.0,39.0
1754588281,card3,48.0,40.0
1754588281,card4,46.0,40.0
1754588281,card5,44.0,38.0
1754588281,card6,46.0,41.0
1754588281,card7,43.0,37.0
1754588281,
1754588286,card0,65.0,70.0
1754588286,card1,46.0,37.0
1754588286,card2,45.0,39.0
1754588286,card3,48.0,40.0
1754588286,card4,46.0,40.0
1754588286,card5,44.0,38.0
1754588286,card6,46.0,41.0
1754588286,card7,43.0,37.0
1754588286,
1754588292,card0,66.0,70.0
1754588292,card1,46.0,37.0
1754588292,card2,45.0,39.0
1754588292,card3,49.0,41.0
1754588292,card4,46.0,40.0
1754588292,card5,44.0,38.0
1754588292,card6,46.0,41.0
1754588292,card7,43.0,37.0
1754588292,
1754588297,card0,65.0,70.0
1754588297,card1,46.0,37.0
1754588297,card2,45.0,39.0
1754588297,card3,49.0,41.0
1754588297,card4,46.0,40.0
1754588297,card5,45.0,38.0
1754588297,card6,46.0,41.0
1754588297,card7,44.0,37.0
1754588297,
1754588302,card0,66.0,70.0
1754588302,card1,46.0,37.0
1754588302,card2,45.0,39.0
1754588302,card3,49.0,41.0
1754588302,card4,46.0,40.0
1754588302,card5,44.0,38.0
1754588302,card6,46.0,41.0
1754588302,card7,44.0,37.0
1754588302,
1754588307,card0,67.0,71.0
1754588307,card1,46.0,37.0
1754588307,card2,45.0,39.0
1754588307,card3,49.0,41.0
1754588307,card4,46.0,40.0
1754588307,card5,45.0,38.0
1754588307,card6,47.0,41.0
1754588307,card7,44.0,37.0
1754588307,
1754588312,card0,59.0,52.0
1754588312,card1,46.0,37.0
1754588312,card2,46.0,39.0
1754588312,card3,49.0,41.0
1754588312,card4,46.0,40.0
1754588312,card5,45.0,38.0
1754588312,card6,46.0,41.0
1754588312,card7,44.0,37.0
1754588312,
1754588317,card0,58.0,51.0
1754588317,card1,46.0,37.0
1754588317,card2,46.0,39.0
1754588317,card3,49.0,41.0
1754588317,card4,46.0,40.0
1754588317,card5,45.0,38.0
1754588317,card6,46.0,41.0
1754588317,card7,44.0,37.0
1754588317,
1754588323,card0,56.0,49.0
1754588323,card1,46.0,37.0
1754588323,card2,45.0,39.0
1754588323,card3,49.0,41.0
1754588323,card4,46.0,40.0
1754588323,card5,45.0,38.0
1754588323,card6,46.0,41.0
1754588323,card7,43.0,37.0
1754588323,
1754588328,card0,54.0,48.0
1754588328,card1,46.0,37.0
1754588328,card2,45.0,39.0
1754588328,card3,49.0,41.0
1754588328,card4,46.0,40.0
1754588328,card5,44.0,38.0
1754588328,card6,46.0,41.0
1754588328,card7,43.0,37.0
1754588328,
1754588333,card0,53.0,47.0
1754588333,card1,46.0,37.0
1754588333,card2,46.0,39.0
1754588333,card3,49.0,41.0
1754588333,card4,46.0,40.0
1754588333,card5,45.0,38.0
1754588333,card6,46.0,41.0
1754588333,card7,44.0,37.0
1754588333,
1754588338,card0,53.0,46.0
1754588338,card1,46.0,37.0
1754588338,card2,46.0,40.0
1754588338,card3,49.0,41.0
1754588338,card4,46.0,40.0
1754588338,card5,45.0,38.0
1754588338,card6,47.0,41.0
1754588338,card7,44.0,38.0
1754588338,
1754588343,card0,53.0,46.0
1754588343,card1,46.0,38.0
1754588343,card2,46.0,40.0
1754588343,card3,49.0,41.0
1754588343,card4,47.0,40.0
1754588343,card5,45.0,38.0
1754588343,card6,47.0,41.0
1754588343,card7,44.0,38.0
1754588343,
1754588348,card0,52.0,46.0
1754588348,card1,47.0,38.0
1754588348,card2,46.0,40.0
1754588348,card3,49.0,41.0
1754588348,card4,47.0,41.0
1754588348,card5,45.0,38.0
1754588348,card6,47.0,41.0
1754588348,card7,44.0,38.0
1754588348,
1754588353,card0,52.0,46.0
1754588353,card1,47.0,38.0
1754588353,card2,46.0,40.0
1754588353,card3,50.0,42.0
1754588353,card4,47.0,41.0
1754588353,card5,45.0,38.0
1754588353,card6,47.0,41.0
1754588353,card7,44.0,38.0
1754588353,
1754588359,card0,52.0,45.0
1754588359,card1,47.0,38.0
1754588359,card2,46.0,40.0
1754588359,card3,50.0,42.0
1754588359,card4,47.0,41.0
1754588359,card5,45.0,38.0
1754588359,card6,47.0,42.0
1754588359,card7,44.0,38.0
1754588359,
1754588364,card0,52.0,45.0
1754588364,card1,47.0,38.0
1754588364,card2,47.0,40.0
1754588364,card3,50.0,42.0
1754588364,card4,47.0,41.0
1754588364,card5,45.0,39.0
1754588364,card6,48.0,42.0
1754588364,card7,44.0,38.0
1754588364,
1754588369,card0,52.0,45.0
1754588369,card1,47.0,38.0
1754588369,card2,47.0,40.0
1754588369,card3,50.0,42.0
1754588369,card4,48.0,41.0
1754588369,card5,46.0,39.0
1754588369,card6,48.0,42.0
1754588369,card7,44.0,38.0
1754588369,
1754588374,card0,52.0,45.0
1754588374,card1,47.0,38.0
1754588374,card2,47.0,40.0
1754588374,card3,50.0,42.0
1754588374,card4,48.0,41.0
1754588374,card5,46.0,39.0
1754588374,card6,48.0,42.0
1754588374,card7,45.0,38.0
1754588374,
1754588379,card0,52.0,45.0
1754588379,card1,47.0,38.0
1754588379,card2,47.0,40.0
1754588379,card3,51.0,42.0
1754588379,card4,48.0,42.0
1754588379,card5,46.0,39.0
1754588379,card6,48.0,42.0
1754588379,card7,45.0,38.0
1754588379,
1754588384,card0,52.0,45.0
1754588384,card1,47.0,38.0
1754588384,card2,47.0,40.0
1754588384,card3,51.0,42.0
1754588384,card4,48.0,42.0
1754588384,card5,46.0,39.0
1754588384,card6,48.0,43.0
1754588384,card7,45.0,38.0
1754588384,
1754588389,card0,51.0,45.0
1754588389,card1,47.0,38.0
1754588389,card2,47.0,40.0
1754588389,card3,51.0,43.0
1754588389,card4,48.0,42.0
1754588389,card5,46.0,39.0
1754588389,card6,48.0,43.0
1754588389,card7,45.0,38.0
1754588389,
1754588395,card0,51.0,45.0
1754588395,card1,47.0,38.0
1754588395,card2,47.0,40.0
1754588395,card3,51.0,43.0
1754588395,card4,48.0,42.0
1754588395,card5,46.0,39.0
1754588395,card6,48.0,43.0
1754588395,card7,45.0,39.0
1754588395,
1754588400,card0,51.0,45.0
1754588400,card1,47.0,39.0
1754588400,card2,47.0,40.0
1754588400,card3,51.0,43.0
1754588400,card4,48.0,42.0
1754588400,card5,46.0,39.0
1754588400,card6,48.0,43.0
1754588400,card7,45.0,39.0
1754588400,
1754588405,card0,51.0,45.0
1754588405,card1,47.0,39.0
1754588405,card2,47.0,41.0
1754588405,card3,51.0,43.0
1754588405,card4,48.0,42.0
1754588405,card5,46.0,39.0
1754588405,card6,49.0,43.0
1754588405,card7,45.0,38.0
1754588405,
1754588410,card0,51.0,44.0
1754588410,card1,47.0,39.0
1754588410,card2,47.0,41.0
1754588410,card3,51.0,43.0
1754588410,card4,48.0,42.0
1754588410,card5,46.0,39.0
1754588410,card6,49.0,43.0
1754588410,card7,45.0,39.0
1754588410,
1754588415,card0,51.0,44.0
1754588415,card1,47.0,39.0
1754588415,card2,47.0,40.0
1754588415,card3,51.0,43.0
1754588415,card4,48.0,42.0
1754588415,card5,46.0,39.0
1754588415,card6,49.0,43.0
1754588415,card7,45.0,39.0
1754588415,
1754588420,card0,51.0,44.0
1754588420,card1,47.0,39.0
1754588420,card2,47.0,41.0
1754588420,card3,51.0,43.0
1754588420,card4,49.0,42.0
1754588420,card5,46.0,39.0
1754588420,card6,49.0,43.0
1754588420,card7,45.0,39.0
1754588420,
1754588425,card0,51.0,44.0
1754588425,card1,47.0,39.0
1754588425,card2,47.0,41.0
1754588425,card3,51.0,43.0
1754588425,card4,49.0,42.0
1754588425,card5,46.0,39.0
1754588425,card6,49.0,43.0
1754588425,card7,45.0,39.0
1754588425,
1754588431,card0,51.0,44.0
1754588431,card1,47.0,39.0
1754588431,card2,47.0,41.0
1754588431,card3,51.0,43.0
1754588431,card4,49.0,42.0
1754588431,card5,46.0,39.0
1754588431,card6,49.0,43.0
1754588431,card7,45.0,38.0
1754588431,
1754588436,card0,51.0,44.0
1754588436,card1,47.0,39.0
1754588436,card2,47.0,41.0
1754588436,card3,51.0,44.0
1754588436,card4,49.0,43.0
1754588436,card5,46.0,39.0
1754588436,card6,49.0,43.0
1754588436,card7,45.0,39.0
1754588436,
1754588441,card0,51.0,44.0
1754588441,card1,47.0,39.0
1754588441,card2,47.0,41.0
1754588441,card3,51.0,43.0
1754588441,card4,49.0,43.0
1754588441,card5,46.0,39.0
1754588441,card6,49.0,43.0
1754588441,card7,45.0,39.0
1754588441,
1754588446,card0,51.0,44.0
1754588446,card1,47.0,39.0
1754588446,card2,47.0,41.0
1754588446,card3,52.0,43.0
1754588446,card4,49.0,43.0
1754588446,card5,46.0,39.0
1754588446,card6,49.0,43.0
1754588446,card7,45.0,39.0
1754588446,
1754588451,card0,51.0,44.0
1754588451,card1,47.0,39.0
1754588451,card2,47.0,41.0
1754588451,card3,52.0,44.0
1754588451,card4,49.0,43.0
1754588451,card5,46.0,39.0
1754588451,card6,49.0,43.0
1754588451,card7,45.0,39.0
1754588451,
1754588456,card0,51.0,44.0
1754588456,card1,48.0,39.0
1754588456,card2,47.0,41.0
1754588456,card3,52.0,44.0
1754588456,card4,49.0,42.0
1754588456,card5,46.0,39.0
1754588456,card6,49.0,44.0
1754588456,card7,45.0,39.0
1754588456,
1754588461,card0,51.0,44.0
1754588461,card1,48.0,39.0
1754588461,card2,47.0,41.0
1754588461,card3,52.0,44.0
1754588461,card4,49.0,43.0
1754588461,card5,46.0,39.0
1754588461,card6,49.0,43.0
1754588461,card7,45.0,39.0
1754588461,
1754588467,card0,51.0,44.0
1754588467,card1,48.0,39.0
1754588467,card2,47.0,41.0
1754588467,card3,52.0,44.0
1754588467,card4,49.0,43.0
1754588467,card5,46.0,39.0
1754588467,card6,49.0,43.0
1754588467,card7,45.0,39.0
1754588467,
1754588472,card0,51.0,44.0
1754588472,card1,48.0,39.0
1754588472,card2,47.0,41.0
1754588472,card3,52.0,44.0
1754588472,card4,49.0,43.0
1754588472,card5,46.0,39.0
1754588472,card6,50.0,44.0
1754588472,card7,45.0,39.0
1754588472,
1754588477,card0,51.0,44.0
1754588477,card1,48.0,39.0
1754588477,card2,47.0,41.0
1754588477,card3,52.0,44.0
1754588477,card4,49.0,43.0
1754588477,card5,46.0,39.0
1754588477,card6,50.0,43.0
1754588477,card7,45.0,39.0
1754588477,
1754588482,card0,51.0,44.0
1754588482,card1,48.0,39.0
1754588482,card2,47.0,41.0
1754588482,card3,52.0,44.0
1754588482,card4,49.0,43.0
1754588482,card5,46.0,39.0
1754588482,card6,50.0,44.0
1754588482,card7,45.0,39.0
1754588482,
1754588487,card0,51.0,44.0
1754588487,card1,48.0,39.0
1754588487,card2,47.0,41.0
1754588487,card3,52.0,44.0
1754588487,card4,49.0,43.0
1754588487,card5,46.0,39.0
1754588487,card6,50.0,44.0
1754588487,card7,45.0,39.0
1754588487,
1754588492,card0,51.0,44.0
1754588492,card1,48.0,39.0
1754588492,card2,47.0,41.0
1754588492,card3,52.0,44.0
1754588492,card4,49.0,43.0
1754588492,card5,46.0,39.0
1754588492,card6,50.0,44.0
1754588492,card7,45.0,39.0
1754588492,
1754588497,card0,51.0,44.0
1754588497,card1,48.0,39.0
1754588497,card2,47.0,41.0
1754588497,card3,52.0,44.0
1754588497,card4,49.0,43.0
1754588497,card5,46.0,39.0
1754588497,card6,50.0,44.0
1754588497,card7,45.0,39.0
1754588497,
1754588503,card0,51.0,44.0
1754588503,card1,48.0,39.0
1754588503,card2,47.0,41.0
1754588503,card3,52.0,44.0
1754588503,card4,49.0,43.0
1754588503,card5,46.0,39.0
1754588503,card6,50.0,44.0
1754588503,card7,45.0,39.0
1754588503,
1754588508,card0,51.0,44.0
1754588508,card1,48.0,39.0
1754588508,card2,47.0,41.0
1754588508,card3,52.0,44.0
1754588508,card4,49.0,43.0
1754588508,card5,46.0,39.0
1754588508,card6,50.0,44.0
1754588508,card7,45.0,39.0
1754588508,
1754588513,card0,51.0,44.0
1754588513,card1,48.0,39.0
1754588513,card2,47.0,41.0
1754588513,card3,52.0,44.0
1754588513,card4,49.0,43.0
1754588513,card5,46.0,39.0
1754588513,card6,50.0,44.0
1754588513,card7,45.0,39.0
1754588513,
1754588518,card0,51.0,44.0
1754588518,card1,48.0,39.0
1754588518,card2,47.0,41.0
1754588518,card3,52.0,44.0
1754588518,card4,49.0,43.0
1754588518,card5,46.0,39.0
1754588518,card6,50.0,44.0
1754588518,card7,45.0,39.0
1754588518,
1754588523,card0,51.0,44.0
1754588523,card1,48.0,39.0
1754588523,card2,47.0,41.0
1754588523,card3,52.0,45.0
1754588523,card4,49.0,43.0
1754588523,card5,46.0,39.0
1754588523,card6,50.0,44.0
1754588523,card7,45.0,39.0
1754588523,
1754588528,card0,51.0,44.0
1754588528,card1,48.0,39.0
1754588528,card2,47.0,41.0
1754588528,card3,52.0,44.0
1754588528,card4,49.0,43.0
1754588528,card5,46.0,39.0
1754588528,card6,50.0,44.0
1754588528,card7,45.0,39.0
1754588528,
1754588533,card0,51.0,44.0
1754588533,card1,48.0,39.0
1754588533,card2,47.0,41.0
1754588533,card3,52.0,44.0
1754588533,card4,49.0,43.0
1754588533,card5,46.0,40.0
1754588533,card6,50.0,44.0
1754588533,card7,45.0,39.0
1754588533,
1754588539,card0,51.0,44.0
1754588539,card1,48.0,39.0
1754588539,card2,47.0,41.0
1754588539,card3,52.0,44.0
1754588539,card4,49.0,43.0
1754588539,card5,46.0,39.0
1754588539,card6,50.0,44.0
1754588539,card7,45.0,39.0
1754588539,
1754588544,card0,51.0,44.0
1754588544,card1,48.0,39.0
1754588544,card2,47.0,41.0
1754588544,card3,52.0,45.0
1754588544,card4,49.0,43.0
1754588544,card5,46.0,40.0
1754588544,card6,50.0,44.0
1754588544,card7,45.0,39.0
1754588544,
1754588549,card0,51.0,44.0
1754588549,card1,48.0,39.0
1754588549,card2,47.0,41.0
1754588549,card3,52.0,45.0
1754588549,card4,49.0,43.0
1754588549,card5,46.0,39.0
1754588549,card6,50.0,44.0
1754588549,card7,45.0,39.0
1754588549,
1754588554,card0,51.0,44.0
1754588554,card1,48.0,39.0
1754588554,card2,47.0,41.0
1754588554,card3,52.0,46.0
1754588554,card4,49.0,43.0
1754588554,card5,46.0,40.0
1754588554,card6,50.0,44.0
1754588554,card7,45.0,39.0
1754588554,
1754588559,card0,51.0,44.0
1754588559,card1,48.0,39.0
1754588559,card2,47.0,41.0
1754588559,card3,52.0,45.0
1754588559,card4,49.0,43.0
1754588559,card5,46.0,39.0
1754588559,card6,50.0,44.0
1754588559,card7,45.0,39.0
1754588559,
1754588564,card0,51.0,44.0
1754588564,card1,48.0,39.0
1754588564,card2,47.0,41.0
1754588564,card3,52.0,46.0
1754588564,card4,49.0,44.0
1754588564,card5,46.0,40.0
1754588564,card6,50.0,44.0
1754588564,card7,45.0,39.0
1754588564,
1754588569,card0,51.0,44.0
1754588569,card1,48.0,39.0
1754588569,card2,47.0,41.0
1754588569,card3,52.0,45.0
1754588569,card4,49.0,43.0
1754588569,card5,46.0,39.0
1754588569,card6,50.0,44.0
1754588569,card7,45.0,39.0
1754588569,
1754588575,card0,51.0,44.0
1754588575,card1,48.0,39.0
1754588575,card2,47.0,41.0
1754588575,card3,52.0,46.0
1754588575,card4,49.0,43.0
1754588575,card5,46.0,39.0
1754588575,card6,50.0,44.0
1754588575,card7,45.0,39.0
1754588575,
1754588580,card0,51.0,44.0
1754588580,card1,48.0,39.0
1754588580,card2,47.0,41.0
1754588580,card3,52.0,45.0
1754588580,card4,49.0,44.0
1754588580,card5,46.0,39.0
1754588580,card6,50.0,44.0
1754588580,card7,45.0,39.0
1754588580,
1754588585,card0,51.0,44.0
1754588585,card1,48.0,39.0
1754588585,card2,47.0,41.0
1754588585,card3,52.0,45.0
1754588585,card4,49.0,44.0
1754588585,card5,46.0,39.0
1754588585,card6,50.0,44.0
1754588585,card7,45.0,39.0
1754588585,
1754588590,card0,51.0,44.0
1754588590,card1,48.0,39.0
1754588590,card2,47.0,41.0
1754588590,card3,52.0,46.0
1754588590,card4,49.0,44.0
1754588590,card5,46.0,39.0
1754588590,card6,50.0,44.0
1754588590,card7,45.0,39.0
1754588590,
1754588595,card0,51.0,44.0
1754588595,card1,48.0,39.0
1754588595,card2,47.0,41.0
1754588595,card3,52.0,45.0
1754588595,card4,49.0,44.0
1754588595,card5,46.0,39.0
1754588595,card6,50.0,44.0
1754588595,card7,45.0,39.0
1754588595,
1754588600,card0,51.0,44.0
1754588600,card1,48.0,39.0
1754588600,card2,47.0,41.0
1754588600,card3,52.0,45.0
1754588600,card4,49.0,43.0
1754588600,card5,46.0,39.0
1754588600,card6,50.0,44.0
1754588600,card7,45.0,39.0
1754588600,
1754588605,card0,51.0,44.0
1754588605,card1,48.0,39.0
1754588605,card2,47.0,41.0
1754588605,card3,52.0,45.0
1754588605,card4,50.0,44.0
1754588605,card5,46.0,39.0
1754588605,card6,50.0,44.0
1754588605,card7,45.0,39.0
1754588605,
1754588611,card0,51.0,44.0
1754588611,card1,48.0,39.0
1754588611,card2,48.0,41.0
1754588611,card3,52.0,45.0
1754588611,card4,49.0,43.0
1754588611,card5,46.0,39.0
1754588611,card6,50.0,44.0
1754588611,card7,46.0,39.0
1754588611,
1754588616,card0,51.0,44.0
1754588616,card1,48.0,39.0
1754588616,card2,47.0,41.0
1754588616,card3,52.0,46.0
1754588616,card4,49.0,43.0
1754588616,card5,46.0,39.0
1754588616,card6,50.0,44.0
1754588616,card7,46.0,39.0
1754588616,
1754588621,card0,51.0,44.0
1754588621,card1,48.0,39.0
1754588621,card2,47.0,41.0
1754588621,card3,52.0,45.0
1754588621,card4,49.0,44.0
1754588621,card5,46.0,39.0
1754588621,card6,50.0,44.0
1754588621,card7,46.0,39.0
1754588621,
1754588626,card0,51.0,44.0
1754588626,card1,48.0,39.0
1754588626,card2,47.0,41.0
1754588626,card3,52.0,45.0
1754588626,card4,49.0,44.0
1754588626,card5,46.0,40.0
1754588626,card6,50.0,44.0
1754588626,card7,46.0,39.0
1754588626,
1754588631,card0,51.0,44.0
1754588631,card1,48.0,39.0
1754588631,card2,47.0,41.0
1754588631,card3,52.0,45.0
1754588631,card4,50.0,44.0
1754588631,card5,46.0,39.0
1754588631,card6,50.0,44.0
1754588631,card7,45.0,39.0
1754588631,
1754588636,card0,51.0,44.0
1754588636,card1,48.0,39.0
1754588636,card2,47.0,41.0
1754588636,card3,52.0,46.0
1754588636,card4,50.0,44.0
1754588636,card5,46.0,39.0
1754588636,card6,50.0,44.0
1754588636,card7,46.0,39.0
1754588636,
1754588641,card0,51.0,44.0
1754588641,card1,48.0,39.0
1754588641,card2,47.0,41.0
1754588641,card3,52.0,45.0
1754588641,card4,50.0,44.0
1754588641,card5,46.0,39.0
1754588641,card6,50.0,44.0
1754588641,card7,45.0,39.0
1754588641,
1754588647,card0,51.0,44.0
1754588647,card1,48.0,39.0
1754588647,card2,47.0,41.0
1754588647,card3,52.0,45.0
1754588647,card4,50.0,44.0
1754588647,card5,46.0,39.0
1754588647,card6,50.0,44.0
1754588647,card7,46.0,39.0
1754588647,
1754588652,card0,51.0,44.0
1754588652,card1,48.0,39.0
1754588652,card2,47.0,41.0
1754588652,card3,52.0,46.0
1754588652,card4,50.0,43.0
1754588652,card5,46.0,39.0
1754588652,card6,50.0,44.0
1754588652,card7,45.0,39.0
1754588652,
